id	title	description	link	image_link	availability	price	sale_price	brand	gtin	mpn	condition	google_product_category	product_type	identifier_exists
KIT00822	1.200 VBF 5,0x100 + 6 emb TX25	Vis VBF pour bois – Acier carbone galvanisé bleu | Haute résistance & vissage facile La vis VBF en acier au carbone galvanisé est spécialement conçue pour les travaux de construction en bois. Elle offre un vissage rapide, propre et sans effort, grâce à sa pointe spécifique et à ses nervures de fraisage qui réduisent le couple et limitent le risque de fissuration du bois. Avantages de la vis Tête fraisée 90° avec nervures de fraisage pour un vissage affleurant et professionnel • Pointe spéciale pour bois, garantissant une pénétration rapide et précise • Empreinte TX antidérapante, évite le ripage et améliore le confort de vissage • Filetage partiel flottant, réduisant fortement l’effort lors de l’assemblage • Adaptée aux classes d’utilisation 1 et 2 (norme DIN EN 1995 – Eurocode 5) • Excellente résistance mécanique pour structures, charpentes et menuiseries • Certification ATE : qualité et performance garanties Pourquoi choisir nos vis VBF ? Fiables, durables et faciles à utiliser, les vis VBF sont idéales pour tous les projets de charpente, ossature bois, menuiserie ou assemblages exigeant solidité et précision.	https://www.vis-a-bois.com/produit/kit00822	https://lqsbsinycyewdvdtbruy.supabase.co/storage/v1/object/public/product-images/a007ec39-a846-4b4f-833b-a00de9bec2c6/5ce2f507-012e-4782-afaa-0574de4aac54-VBF.jpg	in_stock	126.00 EUR		Vis-à-Bois		KIT00822	new	1732	Gros volume	TRUE
KIT00825	1.200 VBF 6,0x80 + 6 emb TX30	Vis VBF pour bois – Acier carbone galvanisé bleu | Haute résistance & vissage facile La vis VBF en acier au carbone galvanisé est spécialement conçue pour les travaux de construction en bois. Elle offre un vissage rapide, propre et sans effort, grâce à sa pointe spécifique et à ses nervures de fraisage qui réduisent le couple et limitent le risque de fissuration du bois. Avantages de la vis Tête fraisée 90° avec nervures de fraisage pour un vissage affleurant et professionnel • Pointe spéciale pour bois, garantissant une pénétration rapide et précise • Empreinte TX antidérapante, évite le ripage et améliore le confort de vissage • Filetage partiel flottant, réduisant fortement l’effort lors de l’assemblage • Adaptée aux classes d’utilisation 1 et 2 (norme DIN EN 1995 – Eurocode 5) • Excellente résistance mécanique pour structures, charpentes et menuiseries • Certification ATE : qualité et performance garanties Pourquoi choisir nos vis VBF ? Fiables, durables et faciles à utiliser, les vis VBF sont idéales pour tous les projets de charpente, ossature bois, menuiserie ou assemblages exigeant solidité et précision.	https://www.vis-a-bois.com/produit/kit00825	https://lqsbsinycyewdvdtbruy.supabase.co/storage/v1/object/public/product-images/a007ec39-a846-4b4f-833b-a00de9bec2c6/5ce2f507-012e-4782-afaa-0574de4aac54-VBF.jpg	in_stock	126.00 EUR		Vis-à-Bois		KIT00825	new	1732	Gros volume	TRUE
KIT00821	1.400 VBF 5,0x90 + 7 emb TX25	Vis VBF pour bois – Acier carbone galvanisé bleu | Haute résistance & vissage facile La vis VBF en acier au carbone galvanisé est spécialement conçue pour les travaux de construction en bois. Elle offre un vissage rapide, propre et sans effort, grâce à sa pointe spécifique et à ses nervures de fraisage qui réduisent le couple et limitent le risque de fissuration du bois. Avantages de la vis Tête fraisée 90° avec nervures de fraisage pour un vissage affleurant et professionnel • Pointe spéciale pour bois, garantissant une pénétration rapide et précise • Empreinte TX antidérapante, évite le ripage et améliore le confort de vissage • Filetage partiel flottant, réduisant fortement l’effort lors de l’assemblage • Adaptée aux classes d’utilisation 1 et 2 (norme DIN EN 1995 – Eurocode 5) • Excellente résistance mécanique pour structures, charpentes et menuiseries • Certification ATE : qualité et performance garanties Pourquoi choisir nos vis VBF ? Fiables, durables et faciles à utiliser, les vis VBF sont idéales pour tous les projets de charpente, ossature bois, menuiserie ou assemblages exigeant solidité et précision.	https://www.vis-a-bois.com/produit/kit00821	https://lqsbsinycyewdvdtbruy.supabase.co/storage/v1/object/public/product-images/a007ec39-a846-4b4f-833b-a00de9bec2c6/5ce2f507-012e-4782-afaa-0574de4aac54-VBF.jpg	in_stock	126.00 EUR		Vis-à-Bois		KIT00821	new	1732	Gros volume	TRUE
KIT00820	1.600 VBF 5,0x80 + 8 emb TX25	Vis VBF pour bois – Acier carbone galvanisé bleu | Haute résistance & vissage facile La vis VBF en acier au carbone galvanisé est spécialement conçue pour les travaux de construction en bois. Elle offre un vissage rapide, propre et sans effort, grâce à sa pointe spécifique et à ses nervures de fraisage qui réduisent le couple et limitent le risque de fissuration du bois. Avantages de la vis Tête fraisée 90° avec nervures de fraisage pour un vissage affleurant et professionnel • Pointe spéciale pour bois, garantissant une pénétration rapide et précise • Empreinte TX antidérapante, évite le ripage et améliore le confort de vissage • Filetage partiel flottant, réduisant fortement l’effort lors de l’assemblage • Adaptée aux classes d’utilisation 1 et 2 (norme DIN EN 1995 – Eurocode 5) • Excellente résistance mécanique pour structures, charpentes et menuiseries • Certification ATE : qualité et performance garanties Pourquoi choisir nos vis VBF ? Fiables, durables et faciles à utiliser, les vis VBF sont idéales pour tous les projets de charpente, ossature bois, menuiserie ou assemblages exigeant solidité et précision.	https://www.vis-a-bois.com/produit/kit00820	https://lqsbsinycyewdvdtbruy.supabase.co/storage/v1/object/public/product-images/a007ec39-a846-4b4f-833b-a00de9bec2c6/5ce2f507-012e-4782-afaa-0574de4aac54-VBF.jpg	in_stock	126.00 EUR		Vis-à-Bois		KIT00820	new	1732	Gros volume	TRUE
KIT00824	1.600 VBF 6,0x60 + 8 emb TX30	Vis VBF pour bois – Acier carbone galvanisé bleu | Haute résistance & vissage facile La vis VBF en acier au carbone galvanisé est spécialement conçue pour les travaux de construction en bois. Elle offre un vissage rapide, propre et sans effort, grâce à sa pointe spécifique et à ses nervures de fraisage qui réduisent le couple et limitent le risque de fissuration du bois. Avantages de la vis Tête fraisée 90° avec nervures de fraisage pour un vissage affleurant et professionnel • Pointe spéciale pour bois, garantissant une pénétration rapide et précise • Empreinte TX antidérapante, évite le ripage et améliore le confort de vissage • Filetage partiel flottant, réduisant fortement l’effort lors de l’assemblage • Adaptée aux classes d’utilisation 1 et 2 (norme DIN EN 1995 – Eurocode 5) • Excellente résistance mécanique pour structures, charpentes et menuiseries • Certification ATE : qualité et performance garanties Pourquoi choisir nos vis VBF ? Fiables, durables et faciles à utiliser, les vis VBF sont idéales pour tous les projets de charpente, ossature bois, menuiserie ou assemblages exigeant solidité et précision.	https://www.vis-a-bois.com/produit/kit00824	https://lqsbsinycyewdvdtbruy.supabase.co/storage/v1/object/public/product-images/a007ec39-a846-4b4f-833b-a00de9bec2c6/5ce2f507-012e-4782-afaa-0574de4aac54-VBF.jpg	in_stock	126.00 EUR		Vis-à-Bois		KIT00824	new	1732	Gros volume	TRUE
KIT00814	1.800 VBF 4,5x80 + 9 emb TX20	Vis VBF pour bois – Acier carbone galvanisé bleu | Haute résistance & vissage facile La vis VBF en acier au carbone galvanisé est spécialement conçue pour les travaux de construction en bois. Elle offre un vissage rapide, propre et sans effort, grâce à sa pointe spécifique et à ses nervures de fraisage qui réduisent le couple et limitent le risque de fissuration du bois. Avantages de la vis Tête fraisée 90° avec nervures de fraisage pour un vissage affleurant et professionnel • Pointe spéciale pour bois, garantissant une pénétration rapide et précise • Empreinte TX antidérapante, évite le ripage et améliore le confort de vissage • Filetage partiel flottant, réduisant fortement l’effort lors de l’assemblage • Adaptée aux classes d’utilisation 1 et 2 (norme DIN EN 1995 – Eurocode 5) • Excellente résistance mécanique pour structures, charpentes et menuiseries • Certification ATE : qualité et performance garanties Pourquoi choisir nos vis VBF ? Fiables, durables et faciles à utiliser, les vis VBF sont idéales pour tous les projets de charpente, ossature bois, menuiserie ou assemblages exigeant solidité et précision.	https://www.vis-a-bois.com/produit/kit00814	https://lqsbsinycyewdvdtbruy.supabase.co/storage/v1/object/public/product-images/a007ec39-a846-4b4f-833b-a00de9bec2c6/5ce2f507-012e-4782-afaa-0574de4aac54-VBF.jpg	in_stock	126.00 EUR		Vis-à-Bois		KIT00814	new	1732	Gros volume	TRUE
KIT00819	1.800 VBF 5,0x70 + 9 emb TX25	Vis VBF pour bois – Acier carbone galvanisé bleu | Haute résistance & vissage facile La vis VBF en acier au carbone galvanisé est spécialement conçue pour les travaux de construction en bois. Elle offre un vissage rapide, propre et sans effort, grâce à sa pointe spécifique et à ses nervures de fraisage qui réduisent le couple et limitent le risque de fissuration du bois. Avantages de la vis Tête fraisée 90° avec nervures de fraisage pour un vissage affleurant et professionnel • Pointe spéciale pour bois, garantissant une pénétration rapide et précise • Empreinte TX antidérapante, évite le ripage et améliore le confort de vissage • Filetage partiel flottant, réduisant fortement l’effort lors de l’assemblage • Adaptée aux classes d’utilisation 1 et 2 (norme DIN EN 1995 – Eurocode 5) • Excellente résistance mécanique pour structures, charpentes et menuiseries • Certification ATE : qualité et performance garanties Pourquoi choisir nos vis VBF ? Fiables, durables et faciles à utiliser, les vis VBF sont idéales pour tous les projets de charpente, ossature bois, menuiserie ou assemblages exigeant solidité et précision.	https://www.vis-a-bois.com/produit/kit00819	https://lqsbsinycyewdvdtbruy.supabase.co/storage/v1/object/public/product-images/a007ec39-a846-4b4f-833b-a00de9bec2c6/5ce2f507-012e-4782-afaa-0574de4aac54-VBF.jpg	in_stock	126.00 EUR		Vis-à-Bois		KIT00819	new	1732	Gros volume	TRUE
KIT00835	100 VBF 6,0x280 + 1 emb TX30	Vis VBF pour bois – Acier carbone galvanisé bleu | Haute résistance & vissage facile La vis VBF en acier au carbone galvanisé est spécialement conçue pour les travaux de construction en bois. Elle offre un vissage rapide, propre et sans effort, grâce à sa pointe spécifique et à ses nervures de fraisage qui réduisent le couple et limitent le risque de fissuration du bois. Avantages de la vis Tête fraisée 90° avec nervures de fraisage pour un vissage affleurant et professionnel • Pointe spéciale pour bois, garantissant une pénétration rapide et précise • Empreinte TX antidérapante, évite le ripage et améliore le confort de vissage • Filetage partiel flottant, réduisant fortement l’effort lors de l’assemblage • Adaptée aux classes d’utilisation 1 et 2 (norme DIN EN 1995 – Eurocode 5) • Excellente résistance mécanique pour structures, charpentes et menuiseries • Certification ATE : qualité et performance garanties Pourquoi choisir nos vis VBF ? Fiables, durables et faciles à utiliser, les vis VBF sont idéales pour tous les projets de charpente, ossature bois, menuiserie ou assemblages exigeant solidité et précision.	https://www.vis-a-bois.com/produit/kit00835	https://lqsbsinycyewdvdtbruy.supabase.co/storage/v1/object/public/product-images/a007ec39-a846-4b4f-833b-a00de9bec2c6/5ce2f507-012e-4782-afaa-0574de4aac54-VBF.jpg	in_stock	126.00 EUR		Vis-à-Bois		KIT00835	new	1732	Gros volume	TRUE
KIT00836	100 VBF 6,0x300 + 1 emb TX30	Vis VBF pour bois – Acier carbone galvanisé bleu | Haute résistance & vissage facile La vis VBF en acier au carbone galvanisé est spécialement conçue pour les travaux de construction en bois. Elle offre un vissage rapide, propre et sans effort, grâce à sa pointe spécifique et à ses nervures de fraisage qui réduisent le couple et limitent le risque de fissuration du bois. Avantages de la vis Tête fraisée 90° avec nervures de fraisage pour un vissage affleurant et professionnel • Pointe spéciale pour bois, garantissant une pénétration rapide et précise • Empreinte TX antidérapante, évite le ripage et améliore le confort de vissage • Filetage partiel flottant, réduisant fortement l’effort lors de l’assemblage • Adaptée aux classes d’utilisation 1 et 2 (norme DIN EN 1995 – Eurocode 5) • Excellente résistance mécanique pour structures, charpentes et menuiseries • Certification ATE : qualité et performance garanties Pourquoi choisir nos vis VBF ? Fiables, durables et faciles à utiliser, les vis VBF sont idéales pour tous les projets de charpente, ossature bois, menuiserie ou assemblages exigeant solidité et précision.	https://www.vis-a-bois.com/produit/kit00836	https://lqsbsinycyewdvdtbruy.supabase.co/storage/v1/object/public/product-images/a007ec39-a846-4b4f-833b-a00de9bec2c6/5ce2f507-012e-4782-afaa-0574de4aac54-VBF.jpg	in_stock	126.00 EUR		Vis-à-Bois		KIT00836	new	1732	Gros volume	TRUE
KIT00922	100 VBHT 8,0 x 200 + 1 emb TX40	Vis Tirefond VBHT – Tête Hexagonale Zinguée – TX40 | Fixation Bois & Acier-Bois La vis tirefond VBHT est conçue pour offrir une fixation solide, durable et ultra-performante dans tous les assemblages bois et acier-bois. Grâce à sa tête hexagonale et son filetage de haute précision, elle assure un serrage puissant et un vissage rapide sans pré-perçage, même dans les bois durs. Sa pointe de fraisage et son double filet permettent une pénétration fluide, réduisant l’effort lors du vissage. Le revêtement de cire appliqué en fabrication garantit un couple réduit, une pose plus rapide et un confort d’utilisation optimal. Idéale pour les charpentes, ossatures bois, la vis VBHT est la solution parfaite pour un assemblage professionnel et durable. • Tête hexagonale pour un serrage optimal avec empreinte Torx • Double filet pour un vissage rapide • Pointe de fraisage = pénétration facile • Revêtement de cire = effort réduit • Idéale pour assemblages bois et acier-bois • Convient pour charpente, ossature, terrasse, menuiserie, construction bois • Diamètre : 8 mm • Longueur : 40 à 300 mm • Matière : Acier au carbone zingué • Empreinte : TX40 • Supports : Bois	https://www.vis-a-bois.com/produit/kit00922	https://lqsbsinycyewdvdtbruy.supabase.co/storage/v1/object/public/product-images/a007ec39-a846-4b4f-833b-a00de9bec2c6/d509aa7b-7716-430c-be73-e8610c5669d5-Vis-VBHT.jpg	in_stock	126.00 EUR		Vis-à-Bois		KIT00922	new	1732	Gros volume	TRUE
KIT00923	100 VBHT 8,0 x 220 + 1emb TX40	Vis Tirefond VBHT – Tête Hexagonale Zinguée – TX40 | Fixation Bois & Acier-Bois La vis tirefond VBHT est conçue pour offrir une fixation solide, durable et ultra-performante dans tous les assemblages bois et acier-bois. Grâce à sa tête hexagonale et son filetage de haute précision, elle assure un serrage puissant et un vissage rapide sans pré-perçage, même dans les bois durs. Sa pointe de fraisage et son double filet permettent une pénétration fluide, réduisant l’effort lors du vissage. Le revêtement de cire appliqué en fabrication garantit un couple réduit, une pose plus rapide et un confort d’utilisation optimal. Idéale pour les charpentes, ossatures bois, la vis VBHT est la solution parfaite pour un assemblage professionnel et durable. • Tête hexagonale pour un serrage optimal avec empreinte Torx • Double filet pour un vissage rapide • Pointe de fraisage = pénétration facile • Revêtement de cire = effort réduit • Idéale pour assemblages bois et acier-bois • Convient pour charpente, ossature, terrasse, menuiserie, construction bois • Diamètre : 8 mm • Longueur : 40 à 300 mm • Matière : Acier au carbone zingué • Empreinte : TX40 • Supports : Bois	https://www.vis-a-bois.com/produit/kit00923	https://lqsbsinycyewdvdtbruy.supabase.co/storage/v1/object/public/product-images/a007ec39-a846-4b4f-833b-a00de9bec2c6/d509aa7b-7716-430c-be73-e8610c5669d5-Vis-VBHT.jpg	in_stock	126.00 EUR		Vis-à-Bois		KIT00923	new	1732	Gros volume	TRUE
KIT00924	100 VBHT 8,0 x 240 + 1 emb TX40	Vis Tirefond VBHT – Tête Hexagonale Zinguée – TX40 | Fixation Bois & Acier-Bois La vis tirefond VBHT est conçue pour offrir une fixation solide, durable et ultra-performante dans tous les assemblages bois et acier-bois. Grâce à sa tête hexagonale et son filetage de haute précision, elle assure un serrage puissant et un vissage rapide sans pré-perçage, même dans les bois durs. Sa pointe de fraisage et son double filet permettent une pénétration fluide, réduisant l’effort lors du vissage. Le revêtement de cire appliqué en fabrication garantit un couple réduit, une pose plus rapide et un confort d’utilisation optimal. Idéale pour les charpentes, ossatures bois, la vis VBHT est la solution parfaite pour un assemblage professionnel et durable. • Tête hexagonale pour un serrage optimal avec empreinte Torx • Double filet pour un vissage rapide • Pointe de fraisage = pénétration facile • Revêtement de cire = effort réduit • Idéale pour assemblages bois et acier-bois • Convient pour charpente, ossature, terrasse, menuiserie, construction bois • Diamètre : 8 mm • Longueur : 40 à 300 mm • Matière : Acier au carbone zingué • Empreinte : TX40 • Supports : Bois	https://www.vis-a-bois.com/produit/kit00924	https://lqsbsinycyewdvdtbruy.supabase.co/storage/v1/object/public/product-images/a007ec39-a846-4b4f-833b-a00de9bec2c6/d509aa7b-7716-430c-be73-e8610c5669d5-Vis-VBHT.jpg	in_stock	126.00 EUR		Vis-à-Bois		KIT00924	new	1732	Gros volume	TRUE
KIT00927	1000 QS 5,0x60 inox	Vis terrasse bois inox QS – La référence pour les assemblages extérieurs durables Cette vis à filetage partiel, fabriquée en acier inoxydable de haute qualité, garantit une tenue optimale et une résistance aux intempéries. Elle est spécialement conçue pour les montages bois-bois en extérieur, même en zones constamment exposées à l’humidité. ✔ Empreinte Torx 25 Pour une transmission optimale du couple de serrage ✔ Pointe anti-fendage type 17 Amorce immédiate sans éclatement du bois, permettant une pose rapide et précise ✔ Filets fraiseurs haute performance Fixation nette, sans jeu, avec une meilleure pénétration dans le bois et une finition parfaitement intégrée. ✔ Filetage partiel Assure un serrage optimal entre lame et lambourde pour une fixation ferme et durable. ✔ Acier inoxydable • Excellente résistance à la corrosion • Idéal pour environnements extérieurs humides • Longévité renforcée de la structure Domaines d’utilisation • Fixation de lames de terrasse en bois résineux sur lambourdes en bois résineux • Pose d’ouvrages extérieurs soumis aux intempéries : terrasses, platelages, aménagements de jardin… La vis inox VTI indispensables pour une terrasse stable, élégante et construite pour durer.	https://www.vis-a-bois.com/produit/kit00927	https://lqsbsinycyewdvdtbruy.supabase.co/storage/v1/object/public/product-images/a007ec39-a846-4b4f-833b-a00de9bec2c6/d8d458e4-d135-4e5c-aa4d-6f8929a10c7c-Vis-QS.JPG	in_stock	126.00 EUR		Vis-à-Bois		KIT00927	new	1732	Gros volume	TRUE
KIT00928	1000 QS 5,0x70 inox	Vis terrasse bois inox QS – La référence pour les assemblages extérieurs durables Cette vis à filetage partiel, fabriquée en acier inoxydable de haute qualité, garantit une tenue optimale et une résistance aux intempéries. Elle est spécialement conçue pour les montages bois-bois en extérieur, même en zones constamment exposées à l’humidité. ✔ Empreinte Torx 25 Pour une transmission optimale du couple de serrage ✔ Pointe anti-fendage type 17 Amorce immédiate sans éclatement du bois, permettant une pose rapide et précise ✔ Filets fraiseurs haute performance Fixation nette, sans jeu, avec une meilleure pénétration dans le bois et une finition parfaitement intégrée. ✔ Filetage partiel Assure un serrage optimal entre lame et lambourde pour une fixation ferme et durable. ✔ Acier inoxydable • Excellente résistance à la corrosion • Idéal pour environnements extérieurs humides • Longévité renforcée de la structure Domaines d’utilisation • Fixation de lames de terrasse en bois résineux sur lambourdes en bois résineux • Pose d’ouvrages extérieurs soumis aux intempéries : terrasses, platelages, aménagements de jardin… La vis inox VTI indispensables pour une terrasse stable, élégante et construite pour durer.	https://www.vis-a-bois.com/produit/kit00928	https://lqsbsinycyewdvdtbruy.supabase.co/storage/v1/object/public/product-images/a007ec39-a846-4b4f-833b-a00de9bec2c6/d8d458e4-d135-4e5c-aa4d-6f8929a10c7c-Vis-QS.JPG	in_stock	126.00 EUR		Vis-à-Bois		KIT00928	new	1732	Gros volume	TRUE
KIT00926	1200 QS 5,0x50 inox	Vis terrasse bois inox QS – La référence pour les assemblages extérieurs durables Cette vis à filetage partiel, fabriquée en acier inoxydable de haute qualité, garantit une tenue optimale et une résistance aux intempéries. Elle est spécialement conçue pour les montages bois-bois en extérieur, même en zones constamment exposées à l’humidité. ✔ Empreinte Torx 25 Pour une transmission optimale du couple de serrage ✔ Pointe anti-fendage type 17 Amorce immédiate sans éclatement du bois, permettant une pose rapide et précise ✔ Filets fraiseurs haute performance Fixation nette, sans jeu, avec une meilleure pénétration dans le bois et une finition parfaitement intégrée. ✔ Filetage partiel Assure un serrage optimal entre lame et lambourde pour une fixation ferme et durable. ✔ Acier inoxydable • Excellente résistance à la corrosion • Idéal pour environnements extérieurs humides • Longévité renforcée de la structure Domaines d’utilisation • Fixation de lames de terrasse en bois résineux sur lambourdes en bois résineux • Pose d’ouvrages extérieurs soumis aux intempéries : terrasses, platelages, aménagements de jardin… La vis inox VTI indispensables pour une terrasse stable, élégante et construite pour durer.	https://www.vis-a-bois.com/produit/kit00926	https://lqsbsinycyewdvdtbruy.supabase.co/storage/v1/object/public/product-images/a007ec39-a846-4b4f-833b-a00de9bec2c6/d8d458e4-d135-4e5c-aa4d-6f8929a10c7c-Vis-QS.JPG	in_stock	126.00 EUR		Vis-à-Bois		KIT00926	new	1732	Gros volume	TRUE
KIT00925	1400 QS 5,0x40 inox	Vis terrasse bois inox QS – La référence pour les assemblages extérieurs durables Cette vis à filetage partiel, fabriquée en acier inoxydable de haute qualité, garantit une tenue optimale et une résistance aux intempéries. Elle est spécialement conçue pour les montages bois-bois en extérieur, même en zones constamment exposées à l’humidité. ✔ Empreinte Torx 25 Pour une transmission optimale du couple de serrage ✔ Pointe anti-fendage type 17 Amorce immédiate sans éclatement du bois, permettant une pose rapide et précise ✔ Filets fraiseurs haute performance Fixation nette, sans jeu, avec une meilleure pénétration dans le bois et une finition parfaitement intégrée. ✔ Filetage partiel Assure un serrage optimal entre lame et lambourde pour une fixation ferme et durable. ✔ Acier inoxydable • Excellente résistance à la corrosion • Idéal pour environnements extérieurs humides • Longévité renforcée de la structure Domaines d’utilisation • Fixation de lames de terrasse en bois résineux sur lambourdes en bois résineux • Pose d’ouvrages extérieurs soumis aux intempéries : terrasses, platelages, aménagements de jardin… La vis inox VTI indispensables pour une terrasse stable, élégante et construite pour durer.	https://www.vis-a-bois.com/produit/kit00925	https://lqsbsinycyewdvdtbruy.supabase.co/storage/v1/object/public/product-images/a007ec39-a846-4b4f-833b-a00de9bec2c6/d8d458e4-d135-4e5c-aa4d-6f8929a10c7c-Vis-QS.JPG	in_stock	126.00 EUR		Vis-à-Bois		KIT00925	new	1732	Gros volume	TRUE
KIT00920	150 VBHT 8,0 x 160 + 2 embTX40	Vis Tirefond VBHT – Tête Hexagonale Zinguée – TX40 | Fixation Bois & Acier-Bois La vis tirefond VBHT est conçue pour offrir une fixation solide, durable et ultra-performante dans tous les assemblages bois et acier-bois. Grâce à sa tête hexagonale et son filetage de haute précision, elle assure un serrage puissant et un vissage rapide sans pré-perçage, même dans les bois durs. Sa pointe de fraisage et son double filet permettent une pénétration fluide, réduisant l’effort lors du vissage. Le revêtement de cire appliqué en fabrication garantit un couple réduit, une pose plus rapide et un confort d’utilisation optimal. Idéale pour les charpentes, ossatures bois, la vis VBHT est la solution parfaite pour un assemblage professionnel et durable. • Tête hexagonale pour un serrage optimal avec empreinte Torx • Double filet pour un vissage rapide • Pointe de fraisage = pénétration facile • Revêtement de cire = effort réduit • Idéale pour assemblages bois et acier-bois • Convient pour charpente, ossature, terrasse, menuiserie, construction bois • Diamètre : 8 mm • Longueur : 40 à 300 mm • Matière : Acier au carbone zingué • Empreinte : TX40 • Supports : Bois	https://www.vis-a-bois.com/produit/kit00920	https://lqsbsinycyewdvdtbruy.supabase.co/storage/v1/object/public/product-images/a007ec39-a846-4b4f-833b-a00de9bec2c6/d509aa7b-7716-430c-be73-e8610c5669d5-Vis-VBHT.jpg	in_stock	126.00 EUR		Vis-à-Bois		KIT00920	new	1732	Gros volume	TRUE
KIT00921	150 VBHT 8,0 x 180 + 1 emb TX40	Vis Tirefond VBHT – Tête Hexagonale Zinguée – TX40 | Fixation Bois & Acier-Bois La vis tirefond VBHT est conçue pour offrir une fixation solide, durable et ultra-performante dans tous les assemblages bois et acier-bois. Grâce à sa tête hexagonale et son filetage de haute précision, elle assure un serrage puissant et un vissage rapide sans pré-perçage, même dans les bois durs. Sa pointe de fraisage et son double filet permettent une pénétration fluide, réduisant l’effort lors du vissage. Le revêtement de cire appliqué en fabrication garantit un couple réduit, une pose plus rapide et un confort d’utilisation optimal. Idéale pour les charpentes, ossatures bois, la vis VBHT est la solution parfaite pour un assemblage professionnel et durable. • Tête hexagonale pour un serrage optimal avec empreinte Torx • Double filet pour un vissage rapide • Pointe de fraisage = pénétration facile • Revêtement de cire = effort réduit • Idéale pour assemblages bois et acier-bois • Convient pour charpente, ossature, terrasse, menuiserie, construction bois • Diamètre : 8 mm • Longueur : 40 à 300 mm • Matière : Acier au carbone zingué • Empreinte : TX40 • Supports : Bois	https://www.vis-a-bois.com/produit/kit00921	https://lqsbsinycyewdvdtbruy.supabase.co/storage/v1/object/public/product-images/a007ec39-a846-4b4f-833b-a00de9bec2c6/d509aa7b-7716-430c-be73-e8610c5669d5-Vis-VBHT.jpg	in_stock	126.00 EUR		Vis-à-Bois		KIT00921	new	1732	Gros volume	TRUE
KIT00813	2.000 VBF 4,5x70 + 10 emb TX20	Vis VBF pour bois – Acier carbone galvanisé bleu | Haute résistance & vissage facile La vis VBF en acier au carbone galvanisé est spécialement conçue pour les travaux de construction en bois. Elle offre un vissage rapide, propre et sans effort, grâce à sa pointe spécifique et à ses nervures de fraisage qui réduisent le couple et limitent le risque de fissuration du bois. Avantages de la vis Tête fraisée 90° avec nervures de fraisage pour un vissage affleurant et professionnel • Pointe spéciale pour bois, garantissant une pénétration rapide et précise • Empreinte TX antidérapante, évite le ripage et améliore le confort de vissage • Filetage partiel flottant, réduisant fortement l’effort lors de l’assemblage • Adaptée aux classes d’utilisation 1 et 2 (norme DIN EN 1995 – Eurocode 5) • Excellente résistance mécanique pour structures, charpentes et menuiseries • Certification ATE : qualité et performance garanties Pourquoi choisir nos vis VBF ? Fiables, durables et faciles à utiliser, les vis VBF sont idéales pour tous les projets de charpente, ossature bois, menuiserie ou assemblages exigeant solidité et précision.	https://www.vis-a-bois.com/produit/kit00813	https://lqsbsinycyewdvdtbruy.supabase.co/storage/v1/object/public/product-images/a007ec39-a846-4b4f-833b-a00de9bec2c6/5ce2f507-012e-4782-afaa-0574de4aac54-VBF.jpg	in_stock	126.00 EUR		Vis-à-Bois		KIT00813	new	1732	Gros volume	TRUE
KIT00818	2.000 VBF 5,0x60 + 10 emb TX25	Vis VBF pour bois – Acier carbone galvanisé bleu | Haute résistance & vissage facile La vis VBF en acier au carbone galvanisé est spécialement conçue pour les travaux de construction en bois. Elle offre un vissage rapide, propre et sans effort, grâce à sa pointe spécifique et à ses nervures de fraisage qui réduisent le couple et limitent le risque de fissuration du bois. Avantages de la vis Tête fraisée 90° avec nervures de fraisage pour un vissage affleurant et professionnel • Pointe spéciale pour bois, garantissant une pénétration rapide et précise • Empreinte TX antidérapante, évite le ripage et améliore le confort de vissage • Filetage partiel flottant, réduisant fortement l’effort lors de l’assemblage • Adaptée aux classes d’utilisation 1 et 2 (norme DIN EN 1995 – Eurocode 5) • Excellente résistance mécanique pour structures, charpentes et menuiseries • Certification ATE : qualité et performance garanties Pourquoi choisir nos vis VBF ? Fiables, durables et faciles à utiliser, les vis VBF sont idéales pour tous les projets de charpente, ossature bois, menuiserie ou assemblages exigeant solidité et précision.	https://www.vis-a-bois.com/produit/kit00818	https://lqsbsinycyewdvdtbruy.supabase.co/storage/v1/object/public/product-images/a007ec39-a846-4b4f-833b-a00de9bec2c6/5ce2f507-012e-4782-afaa-0574de4aac54-VBF.jpg	in_stock	126.00 EUR		Vis-à-Bois		KIT00818	new	1732	Gros volume	TRUE
KIT00808	2.400 VBF 4,0x70 + 12 emb TX20	Vis VBF pour bois – Acier carbone galvanisé bleu | Haute résistance & vissage facile La vis VBF en acier au carbone galvanisé est spécialement conçue pour les travaux de construction en bois. Elle offre un vissage rapide, propre et sans effort, grâce à sa pointe spécifique et à ses nervures de fraisage qui réduisent le couple et limitent le risque de fissuration du bois. Avantages de la vis Tête fraisée 90° avec nervures de fraisage pour un vissage affleurant et professionnel • Pointe spéciale pour bois, garantissant une pénétration rapide et précise • Empreinte TX antidérapante, évite le ripage et améliore le confort de vissage • Filetage partiel flottant, réduisant fortement l’effort lors de l’assemblage • Adaptée aux classes d’utilisation 1 et 2 (norme DIN EN 1995 – Eurocode 5) • Excellente résistance mécanique pour structures, charpentes et menuiseries • Certification ATE : qualité et performance garanties Pourquoi choisir nos vis VBF ? Fiables, durables et faciles à utiliser, les vis VBF sont idéales pour tous les projets de charpente, ossature bois, menuiserie ou assemblages exigeant solidité et précision.	https://www.vis-a-bois.com/produit/kit00808	https://lqsbsinycyewdvdtbruy.supabase.co/storage/v1/object/public/product-images/a007ec39-a846-4b4f-833b-a00de9bec2c6/5ce2f507-012e-4782-afaa-0574de4aac54-VBF.jpg	in_stock	126.00 EUR		Vis-à-Bois		KIT00808	new	1732	Gros volume	TRUE
KIT00812	2.400 VBF 4,5x60 + 12 emb TX20	Vis VBF pour bois – Acier carbone galvanisé bleu | Haute résistance & vissage facile La vis VBF en acier au carbone galvanisé est spécialement conçue pour les travaux de construction en bois. Elle offre un vissage rapide, propre et sans effort, grâce à sa pointe spécifique et à ses nervures de fraisage qui réduisent le couple et limitent le risque de fissuration du bois. Avantages de la vis Tête fraisée 90° avec nervures de fraisage pour un vissage affleurant et professionnel • Pointe spéciale pour bois, garantissant une pénétration rapide et précise • Empreinte TX antidérapante, évite le ripage et améliore le confort de vissage • Filetage partiel flottant, réduisant fortement l’effort lors de l’assemblage • Adaptée aux classes d’utilisation 1 et 2 (norme DIN EN 1995 – Eurocode 5) • Excellente résistance mécanique pour structures, charpentes et menuiseries • Certification ATE : qualité et performance garanties Pourquoi choisir nos vis VBF ? Fiables, durables et faciles à utiliser, les vis VBF sont idéales pour tous les projets de charpente, ossature bois, menuiserie ou assemblages exigeant solidité et précision.	https://www.vis-a-bois.com/produit/kit00812	https://lqsbsinycyewdvdtbruy.supabase.co/storage/v1/object/public/product-images/a007ec39-a846-4b4f-833b-a00de9bec2c6/5ce2f507-012e-4782-afaa-0574de4aac54-VBF.jpg	in_stock	126.00 EUR		Vis-à-Bois		KIT00812	new	1732	Gros volume	TRUE
KIT00817	2.400 VBF 5,0x50 + 12 emb TX25	Vis VBF pour bois – Acier carbone galvanisé bleu | Haute résistance & vissage facile La vis VBF en acier au carbone galvanisé est spécialement conçue pour les travaux de construction en bois. Elle offre un vissage rapide, propre et sans effort, grâce à sa pointe spécifique et à ses nervures de fraisage qui réduisent le couple et limitent le risque de fissuration du bois. Avantages de la vis Tête fraisée 90° avec nervures de fraisage pour un vissage affleurant et professionnel • Pointe spéciale pour bois, garantissant une pénétration rapide et précise • Empreinte TX antidérapante, évite le ripage et améliore le confort de vissage • Filetage partiel flottant, réduisant fortement l’effort lors de l’assemblage • Adaptée aux classes d’utilisation 1 et 2 (norme DIN EN 1995 – Eurocode 5) • Excellente résistance mécanique pour structures, charpentes et menuiseries • Certification ATE : qualité et performance garanties Pourquoi choisir nos vis VBF ? Fiables, durables et faciles à utiliser, les vis VBF sont idéales pour tous les projets de charpente, ossature bois, menuiserie ou assemblages exigeant solidité et précision.	https://www.vis-a-bois.com/produit/kit00817	https://lqsbsinycyewdvdtbruy.supabase.co/storage/v1/object/public/product-images/a007ec39-a846-4b4f-833b-a00de9bec2c6/5ce2f507-012e-4782-afaa-0574de4aac54-VBF.jpg	in_stock	126.00 EUR		Vis-à-Bois		KIT00817	new	1732	Gros volume	TRUE
KIT00816	2.800 VBF 5,0x40 + 14 emb TX25	Vis VBF pour bois – Acier carbone galvanisé bleu | Haute résistance & vissage facile La vis VBF en acier au carbone galvanisé est spécialement conçue pour les travaux de construction en bois. Elle offre un vissage rapide, propre et sans effort, grâce à sa pointe spécifique et à ses nervures de fraisage qui réduisent le couple et limitent le risque de fissuration du bois. Avantages de la vis Tête fraisée 90° avec nervures de fraisage pour un vissage affleurant et professionnel • Pointe spéciale pour bois, garantissant une pénétration rapide et précise • Empreinte TX antidérapante, évite le ripage et améliore le confort de vissage • Filetage partiel flottant, réduisant fortement l’effort lors de l’assemblage • Adaptée aux classes d’utilisation 1 et 2 (norme DIN EN 1995 – Eurocode 5) • Excellente résistance mécanique pour structures, charpentes et menuiseries • Certification ATE : qualité et performance garanties Pourquoi choisir nos vis VBF ? Fiables, durables et faciles à utiliser, les vis VBF sont idéales pour tous les projets de charpente, ossature bois, menuiserie ou assemblages exigeant solidité et précision.	https://www.vis-a-bois.com/produit/kit00816	https://lqsbsinycyewdvdtbruy.supabase.co/storage/v1/object/public/product-images/a007ec39-a846-4b4f-833b-a00de9bec2c6/5ce2f507-012e-4782-afaa-0574de4aac54-VBF.jpg	in_stock	126.00 EUR		Vis-à-Bois		KIT00816	new	1732	Gros volume	TRUE
KIT00832	200 VBF 6,0x220 + 2 emb TX30	Vis VBF pour bois – Acier carbone galvanisé bleu | Haute résistance & vissage facile La vis VBF en acier au carbone galvanisé est spécialement conçue pour les travaux de construction en bois. Elle offre un vissage rapide, propre et sans effort, grâce à sa pointe spécifique et à ses nervures de fraisage qui réduisent le couple et limitent le risque de fissuration du bois. Avantages de la vis Tête fraisée 90° avec nervures de fraisage pour un vissage affleurant et professionnel • Pointe spéciale pour bois, garantissant une pénétration rapide et précise • Empreinte TX antidérapante, évite le ripage et améliore le confort de vissage • Filetage partiel flottant, réduisant fortement l’effort lors de l’assemblage • Adaptée aux classes d’utilisation 1 et 2 (norme DIN EN 1995 – Eurocode 5) • Excellente résistance mécanique pour structures, charpentes et menuiseries • Certification ATE : qualité et performance garanties Pourquoi choisir nos vis VBF ? Fiables, durables et faciles à utiliser, les vis VBF sont idéales pour tous les projets de charpente, ossature bois, menuiserie ou assemblages exigeant solidité et précision.	https://www.vis-a-bois.com/produit/kit00832	https://lqsbsinycyewdvdtbruy.supabase.co/storage/v1/object/public/product-images/a007ec39-a846-4b4f-833b-a00de9bec2c6/5ce2f507-012e-4782-afaa-0574de4aac54-VBF.jpg	in_stock	126.00 EUR		Vis-à-Bois		KIT00832	new	1732	Gros volume	TRUE
KIT00833	200 VBF 6,0x240 + 2 emb TX30	Vis VBF pour bois – Acier carbone galvanisé bleu | Haute résistance & vissage facile La vis VBF en acier au carbone galvanisé est spécialement conçue pour les travaux de construction en bois. Elle offre un vissage rapide, propre et sans effort, grâce à sa pointe spécifique et à ses nervures de fraisage qui réduisent le couple et limitent le risque de fissuration du bois. Avantages de la vis Tête fraisée 90° avec nervures de fraisage pour un vissage affleurant et professionnel • Pointe spéciale pour bois, garantissant une pénétration rapide et précise • Empreinte TX antidérapante, évite le ripage et améliore le confort de vissage • Filetage partiel flottant, réduisant fortement l’effort lors de l’assemblage • Adaptée aux classes d’utilisation 1 et 2 (norme DIN EN 1995 – Eurocode 5) • Excellente résistance mécanique pour structures, charpentes et menuiseries • Certification ATE : qualité et performance garanties Pourquoi choisir nos vis VBF ? Fiables, durables et faciles à utiliser, les vis VBF sont idéales pour tous les projets de charpente, ossature bois, menuiserie ou assemblages exigeant solidité et précision.	https://www.vis-a-bois.com/produit/kit00833	https://lqsbsinycyewdvdtbruy.supabase.co/storage/v1/object/public/product-images/a007ec39-a846-4b4f-833b-a00de9bec2c6/5ce2f507-012e-4782-afaa-0574de4aac54-VBF.jpg	in_stock	126.00 EUR		Vis-à-Bois		KIT00833	new	1732	Gros volume	TRUE
KIT00834	200 VBF 6,0x260 + 2 emb TX30	Vis VBF pour bois – Acier carbone galvanisé bleu | Haute résistance & vissage facile La vis VBF en acier au carbone galvanisé est spécialement conçue pour les travaux de construction en bois. Elle offre un vissage rapide, propre et sans effort, grâce à sa pointe spécifique et à ses nervures de fraisage qui réduisent le couple et limitent le risque de fissuration du bois. Avantages de la vis Tête fraisée 90° avec nervures de fraisage pour un vissage affleurant et professionnel • Pointe spéciale pour bois, garantissant une pénétration rapide et précise • Empreinte TX antidérapante, évite le ripage et améliore le confort de vissage • Filetage partiel flottant, réduisant fortement l’effort lors de l’assemblage • Adaptée aux classes d’utilisation 1 et 2 (norme DIN EN 1995 – Eurocode 5) • Excellente résistance mécanique pour structures, charpentes et menuiseries • Certification ATE : qualité et performance garanties Pourquoi choisir nos vis VBF ? Fiables, durables et faciles à utiliser, les vis VBF sont idéales pour tous les projets de charpente, ossature bois, menuiserie ou assemblages exigeant solidité et précision.	https://www.vis-a-bois.com/produit/kit00834	https://lqsbsinycyewdvdtbruy.supabase.co/storage/v1/object/public/product-images/a007ec39-a846-4b4f-833b-a00de9bec2c6/5ce2f507-012e-4782-afaa-0574de4aac54-VBF.jpg	in_stock	126.00 EUR		Vis-à-Bois		KIT00834	new	1732	Gros volume	TRUE
KIT00919	200 VBHT 8,0 x 140 + 2 emb TX40	Vis Tirefond VBHT – Tête Hexagonale Zinguée – TX40 | Fixation Bois & Acier-Bois La vis tirefond VBHT est conçue pour offrir une fixation solide, durable et ultra-performante dans tous les assemblages bois et acier-bois. Grâce à sa tête hexagonale et son filetage de haute précision, elle assure un serrage puissant et un vissage rapide sans pré-perçage, même dans les bois durs. Sa pointe de fraisage et son double filet permettent une pénétration fluide, réduisant l’effort lors du vissage. Le revêtement de cire appliqué en fabrication garantit un couple réduit, une pose plus rapide et un confort d’utilisation optimal. Idéale pour les charpentes, ossatures bois, la vis VBHT est la solution parfaite pour un assemblage professionnel et durable. • Tête hexagonale pour un serrage optimal avec empreinte Torx • Double filet pour un vissage rapide • Pointe de fraisage = pénétration facile • Revêtement de cire = effort réduit • Idéale pour assemblages bois et acier-bois • Convient pour charpente, ossature, terrasse, menuiserie, construction bois • Diamètre : 8 mm • Longueur : 40 à 300 mm • Matière : Acier au carbone zingué • Empreinte : TX40 • Supports : Bois	https://www.vis-a-bois.com/produit/kit00919	https://lqsbsinycyewdvdtbruy.supabase.co/storage/v1/object/public/product-images/a007ec39-a846-4b4f-833b-a00de9bec2c6/d509aa7b-7716-430c-be73-e8610c5669d5-Vis-VBHT.jpg	in_stock	126.00 EUR		Vis-à-Bois		KIT00919	new	1732	Gros volume	TRUE
KIT00917	250 VBHT 8,0 x 100 + 3 emb TX40	Vis Tirefond VBHT – Tête Hexagonale Zinguée – TX40 | Fixation Bois & Acier-Bois La vis tirefond VBHT est conçue pour offrir une fixation solide, durable et ultra-performante dans tous les assemblages bois et acier-bois. Grâce à sa tête hexagonale et son filetage de haute précision, elle assure un serrage puissant et un vissage rapide sans pré-perçage, même dans les bois durs. Sa pointe de fraisage et son double filet permettent une pénétration fluide, réduisant l’effort lors du vissage. Le revêtement de cire appliqué en fabrication garantit un couple réduit, une pose plus rapide et un confort d’utilisation optimal. Idéale pour les charpentes, ossatures bois, la vis VBHT est la solution parfaite pour un assemblage professionnel et durable. • Tête hexagonale pour un serrage optimal avec empreinte Torx • Double filet pour un vissage rapide • Pointe de fraisage = pénétration facile • Revêtement de cire = effort réduit • Idéale pour assemblages bois et acier-bois • Convient pour charpente, ossature, terrasse, menuiserie, construction bois • Diamètre : 8 mm • Longueur : 40 à 300 mm • Matière : Acier au carbone zingué • Empreinte : TX40 • Supports : Bois	https://www.vis-a-bois.com/produit/kit00917	https://lqsbsinycyewdvdtbruy.supabase.co/storage/v1/object/public/product-images/a007ec39-a846-4b4f-833b-a00de9bec2c6/d509aa7b-7716-430c-be73-e8610c5669d5-Vis-VBHT.jpg	in_stock	126.00 EUR		Vis-à-Bois		KIT00917	new	1732	Gros volume	TRUE
KIT00918	250 VBHT 8,0 x 120 + 2 emb TX40	Vis Tirefond VBHT – Tête Hexagonale Zinguée – TX40 | Fixation Bois & Acier-Bois La vis tirefond VBHT est conçue pour offrir une fixation solide, durable et ultra-performante dans tous les assemblages bois et acier-bois. Grâce à sa tête hexagonale et son filetage de haute précision, elle assure un serrage puissant et un vissage rapide sans pré-perçage, même dans les bois durs. Sa pointe de fraisage et son double filet permettent une pénétration fluide, réduisant l’effort lors du vissage. Le revêtement de cire appliqué en fabrication garantit un couple réduit, une pose plus rapide et un confort d’utilisation optimal. Idéale pour les charpentes, ossatures bois, la vis VBHT est la solution parfaite pour un assemblage professionnel et durable. • Tête hexagonale pour un serrage optimal avec empreinte Torx • Double filet pour un vissage rapide • Pointe de fraisage = pénétration facile • Revêtement de cire = effort réduit • Idéale pour assemblages bois et acier-bois • Convient pour charpente, ossature, terrasse, menuiserie, construction bois • Diamètre : 8 mm • Longueur : 40 à 300 mm • Matière : Acier au carbone zingué • Empreinte : TX40 • Supports : Bois	https://www.vis-a-bois.com/produit/kit00918	https://lqsbsinycyewdvdtbruy.supabase.co/storage/v1/object/public/product-images/a007ec39-a846-4b4f-833b-a00de9bec2c6/d509aa7b-7716-430c-be73-e8610c5669d5-Vis-VBHT.jpg	in_stock	126.00 EUR		Vis-à-Bois		KIT00918	new	1732	Gros volume	TRUE
KIT00811	3.500 VBF 4,5x50 + 7 emb TX20	Vis VBF pour bois – Acier carbone galvanisé bleu | Haute résistance & vissage facile La vis VBF en acier au carbone galvanisé est spécialement conçue pour les travaux de construction en bois. Elle offre un vissage rapide, propre et sans effort, grâce à sa pointe spécifique et à ses nervures de fraisage qui réduisent le couple et limitent le risque de fissuration du bois. Avantages de la vis Tête fraisée 90° avec nervures de fraisage pour un vissage affleurant et professionnel • Pointe spéciale pour bois, garantissant une pénétration rapide et précise • Empreinte TX antidérapante, évite le ripage et améliore le confort de vissage • Filetage partiel flottant, réduisant fortement l’effort lors de l’assemblage • Adaptée aux classes d’utilisation 1 et 2 (norme DIN EN 1995 – Eurocode 5) • Excellente résistance mécanique pour structures, charpentes et menuiseries • Certification ATE : qualité et performance garanties Pourquoi choisir nos vis VBF ? Fiables, durables et faciles à utiliser, les vis VBF sont idéales pour tous les projets de charpente, ossature bois, menuiserie ou assemblages exigeant solidité et précision.	https://www.vis-a-bois.com/produit/kit00811	https://lqsbsinycyewdvdtbruy.supabase.co/storage/v1/object/public/product-images/a007ec39-a846-4b4f-833b-a00de9bec2c6/5ce2f507-012e-4782-afaa-0574de4aac54-VBF.jpg	in_stock	126.00 EUR		Vis-à-Bois		KIT00811	new	1732	Gros volume	TRUE
KIT00815	3.600 VBF 5,0x35 + 18 emb TX25	Vis VBF pour bois – Acier carbone galvanisé bleu | Haute résistance & vissage facile La vis VBF en acier au carbone galvanisé est spécialement conçue pour les travaux de construction en bois. Elle offre un vissage rapide, propre et sans effort, grâce à sa pointe spécifique et à ses nervures de fraisage qui réduisent le couple et limitent le risque de fissuration du bois. Avantages de la vis Tête fraisée 90° avec nervures de fraisage pour un vissage affleurant et professionnel • Pointe spéciale pour bois, garantissant une pénétration rapide et précise • Empreinte TX antidérapante, évite le ripage et améliore le confort de vissage • Filetage partiel flottant, réduisant fortement l’effort lors de l’assemblage • Adaptée aux classes d’utilisation 1 et 2 (norme DIN EN 1995 – Eurocode 5) • Excellente résistance mécanique pour structures, charpentes et menuiseries • Certification ATE : qualité et performance garanties Pourquoi choisir nos vis VBF ? Fiables, durables et faciles à utiliser, les vis VBF sont idéales pour tous les projets de charpente, ossature bois, menuiserie ou assemblages exigeant solidité et précision.	https://www.vis-a-bois.com/produit/kit00815	https://lqsbsinycyewdvdtbruy.supabase.co/storage/v1/object/public/product-images/a007ec39-a846-4b4f-833b-a00de9bec2c6/5ce2f507-012e-4782-afaa-0574de4aac54-VBF.jpg	in_stock	126.00 EUR		Vis-à-Bois		KIT00815	new	1732	Gros volume	TRUE
KIT00830	300 VBF 6,0x180 + 3 emb TX30	Vis VBF pour bois – Acier carbone galvanisé bleu | Haute résistance & vissage facile La vis VBF en acier au carbone galvanisé est spécialement conçue pour les travaux de construction en bois. Elle offre un vissage rapide, propre et sans effort, grâce à sa pointe spécifique et à ses nervures de fraisage qui réduisent le couple et limitent le risque de fissuration du bois. Avantages de la vis Tête fraisée 90° avec nervures de fraisage pour un vissage affleurant et professionnel • Pointe spéciale pour bois, garantissant une pénétration rapide et précise • Empreinte TX antidérapante, évite le ripage et améliore le confort de vissage • Filetage partiel flottant, réduisant fortement l’effort lors de l’assemblage • Adaptée aux classes d’utilisation 1 et 2 (norme DIN EN 1995 – Eurocode 5) • Excellente résistance mécanique pour structures, charpentes et menuiseries • Certification ATE : qualité et performance garanties Pourquoi choisir nos vis VBF ? Fiables, durables et faciles à utiliser, les vis VBF sont idéales pour tous les projets de charpente, ossature bois, menuiserie ou assemblages exigeant solidité et précision.	https://www.vis-a-bois.com/produit/kit00830	https://lqsbsinycyewdvdtbruy.supabase.co/storage/v1/object/public/product-images/a007ec39-a846-4b4f-833b-a00de9bec2c6/5ce2f507-012e-4782-afaa-0574de4aac54-VBF.jpg	in_stock	126.00 EUR		Vis-à-Bois		KIT00830	new	1732	Gros volume	TRUE
KIT00831	300 VBF 6,0x200 + 3 emb TX30	Vis VBF pour bois – Acier carbone galvanisé bleu | Haute résistance & vissage facile La vis VBF en acier au carbone galvanisé est spécialement conçue pour les travaux de construction en bois. Elle offre un vissage rapide, propre et sans effort, grâce à sa pointe spécifique et à ses nervures de fraisage qui réduisent le couple et limitent le risque de fissuration du bois. Avantages de la vis Tête fraisée 90° avec nervures de fraisage pour un vissage affleurant et professionnel • Pointe spéciale pour bois, garantissant une pénétration rapide et précise • Empreinte TX antidérapante, évite le ripage et améliore le confort de vissage • Filetage partiel flottant, réduisant fortement l’effort lors de l’assemblage • Adaptée aux classes d’utilisation 1 et 2 (norme DIN EN 1995 – Eurocode 5) • Excellente résistance mécanique pour structures, charpentes et menuiseries • Certification ATE : qualité et performance garanties Pourquoi choisir nos vis VBF ? Fiables, durables et faciles à utiliser, les vis VBF sont idéales pour tous les projets de charpente, ossature bois, menuiserie ou assemblages exigeant solidité et précision.	https://www.vis-a-bois.com/produit/kit00831	https://lqsbsinycyewdvdtbruy.supabase.co/storage/v1/object/public/product-images/a007ec39-a846-4b4f-833b-a00de9bec2c6/5ce2f507-012e-4782-afaa-0574de4aac54-VBF.jpg	in_stock	126.00 EUR		Vis-à-Bois		KIT00831	new	1732	Gros volume	TRUE
KIT00915	300 VBHT 8,0 x 70 + 3 emb TX40	Vis Tirefond VBHT – Tête Hexagonale Zinguée – TX40 | Fixation Bois & Acier-Bois La vis tirefond VBHT est conçue pour offrir une fixation solide, durable et ultra-performante dans tous les assemblages bois et acier-bois. Grâce à sa tête hexagonale et son filetage de haute précision, elle assure un serrage puissant et un vissage rapide sans pré-perçage, même dans les bois durs. Sa pointe de fraisage et son double filet permettent une pénétration fluide, réduisant l’effort lors du vissage. Le revêtement de cire appliqué en fabrication garantit un couple réduit, une pose plus rapide et un confort d’utilisation optimal. Idéale pour les charpentes, ossatures bois, la vis VBHT est la solution parfaite pour un assemblage professionnel et durable. • Tête hexagonale pour un serrage optimal avec empreinte Torx • Double filet pour un vissage rapide • Pointe de fraisage = pénétration facile • Revêtement de cire = effort réduit • Idéale pour assemblages bois et acier-bois • Convient pour charpente, ossature, terrasse, menuiserie, construction bois • Diamètre : 8 mm • Longueur : 40 à 300 mm • Matière : Acier au carbone zingué • Empreinte : TX40 • Supports : Bois	https://www.vis-a-bois.com/produit/kit00915	https://lqsbsinycyewdvdtbruy.supabase.co/storage/v1/object/public/product-images/a007ec39-a846-4b4f-833b-a00de9bec2c6/d509aa7b-7716-430c-be73-e8610c5669d5-Vis-VBHT.jpg	in_stock	126.00 EUR		Vis-à-Bois		KIT00915	new	1732	Gros volume	TRUE
KIT00916	300 VBHT 8,0 x 80 + 3 emb TX40	Vis Tirefond VBHT – Tête Hexagonale Zinguée – TX40 | Fixation Bois & Acier-Bois La vis tirefond VBHT est conçue pour offrir une fixation solide, durable et ultra-performante dans tous les assemblages bois et acier-bois. Grâce à sa tête hexagonale et son filetage de haute précision, elle assure un serrage puissant et un vissage rapide sans pré-perçage, même dans les bois durs. Sa pointe de fraisage et son double filet permettent une pénétration fluide, réduisant l’effort lors du vissage. Le revêtement de cire appliqué en fabrication garantit un couple réduit, une pose plus rapide et un confort d’utilisation optimal. Idéale pour les charpentes, ossatures bois, la vis VBHT est la solution parfaite pour un assemblage professionnel et durable. • Tête hexagonale pour un serrage optimal avec empreinte Torx • Double filet pour un vissage rapide • Pointe de fraisage = pénétration facile • Revêtement de cire = effort réduit • Idéale pour assemblages bois et acier-bois • Convient pour charpente, ossature, terrasse, menuiserie, construction bois • Diamètre : 8 mm • Longueur : 40 à 300 mm • Matière : Acier au carbone zingué • Empreinte : TX40 • Supports : Bois	https://www.vis-a-bois.com/produit/kit00916	https://lqsbsinycyewdvdtbruy.supabase.co/storage/v1/object/public/product-images/a007ec39-a846-4b4f-833b-a00de9bec2c6/d509aa7b-7716-430c-be73-e8610c5669d5-Vis-VBHT.jpg	in_stock	126.00 EUR		Vis-à-Bois		KIT00916	new	1732	Gros volume	TRUE
KIT00914	300VBHT 8,0 x 60 + 3 emb TX40	Vis Tirefond VBHT – Tête Hexagonale Zinguée – TX40 | Fixation Bois & Acier-Bois La vis tirefond VBHT est conçue pour offrir une fixation solide, durable et ultra-performante dans tous les assemblages bois et acier-bois. Grâce à sa tête hexagonale et son filetage de haute précision, elle assure un serrage puissant et un vissage rapide sans pré-perçage, même dans les bois durs. Sa pointe de fraisage et son double filet permettent une pénétration fluide, réduisant l’effort lors du vissage. Le revêtement de cire appliqué en fabrication garantit un couple réduit, une pose plus rapide et un confort d’utilisation optimal. Idéale pour les charpentes, ossatures bois, la vis VBHT est la solution parfaite pour un assemblage professionnel et durable. • Tête hexagonale pour un serrage optimal avec empreinte Torx • Double filet pour un vissage rapide • Pointe de fraisage = pénétration facile • Revêtement de cire = effort réduit • Idéale pour assemblages bois et acier-bois • Convient pour charpente, ossature, terrasse, menuiserie, construction bois • Diamètre : 8 mm • Longueur : 40 à 300 mm • Matière : Acier au carbone zingué • Empreinte : TX40 • Supports : Bois	https://www.vis-a-bois.com/produit/kit00914	https://lqsbsinycyewdvdtbruy.supabase.co/storage/v1/object/public/product-images/a007ec39-a846-4b4f-833b-a00de9bec2c6/d509aa7b-7716-430c-be73-e8610c5669d5-Vis-VBHT.jpg	in_stock	126.00 EUR		Vis-à-Bois		KIT00914	new	1732	Gros volume	TRUE
KIT00913	350 VBHT 8,0 x 50 + 4 emb TX40	Vis Tirefond VBHT – Tête Hexagonale Zinguée – TX40 | Fixation Bois & Acier-Bois La vis tirefond VBHT est conçue pour offrir une fixation solide, durable et ultra-performante dans tous les assemblages bois et acier-bois. Grâce à sa tête hexagonale et son filetage de haute précision, elle assure un serrage puissant et un vissage rapide sans pré-perçage, même dans les bois durs. Sa pointe de fraisage et son double filet permettent une pénétration fluide, réduisant l’effort lors du vissage. Le revêtement de cire appliqué en fabrication garantit un couple réduit, une pose plus rapide et un confort d’utilisation optimal. Idéale pour les charpentes, ossatures bois, la vis VBHT est la solution parfaite pour un assemblage professionnel et durable. • Tête hexagonale pour un serrage optimal avec empreinte Torx • Double filet pour un vissage rapide • Pointe de fraisage = pénétration facile • Revêtement de cire = effort réduit • Idéale pour assemblages bois et acier-bois • Convient pour charpente, ossature, terrasse, menuiserie, construction bois • Diamètre : 8 mm • Longueur : 40 à 300 mm • Matière : Acier au carbone zingué • Empreinte : TX40 • Supports : Bois	https://www.vis-a-bois.com/produit/kit00913	https://lqsbsinycyewdvdtbruy.supabase.co/storage/v1/object/public/product-images/a007ec39-a846-4b4f-833b-a00de9bec2c6/d509aa7b-7716-430c-be73-e8610c5669d5-Vis-VBHT.jpg	in_stock	126.00 EUR		Vis-à-Bois		KIT00913	new	1732	Gros volume	TRUE
KIT00806	4.000 VBF 4,0x50 + 8 emb TX20	Vis VBF pour bois – Acier carbone galvanisé bleu | Haute résistance & vissage facile La vis VBF en acier au carbone galvanisé est spécialement conçue pour les travaux de construction en bois. Elle offre un vissage rapide, propre et sans effort, grâce à sa pointe spécifique et à ses nervures de fraisage qui réduisent le couple et limitent le risque de fissuration du bois. Avantages de la vis Tête fraisée 90° avec nervures de fraisage pour un vissage affleurant et professionnel • Pointe spéciale pour bois, garantissant une pénétration rapide et précise • Empreinte TX antidérapante, évite le ripage et améliore le confort de vissage • Filetage partiel flottant, réduisant fortement l’effort lors de l’assemblage • Adaptée aux classes d’utilisation 1 et 2 (norme DIN EN 1995 – Eurocode 5) • Excellente résistance mécanique pour structures, charpentes et menuiseries • Certification ATE : qualité et performance garanties Pourquoi choisir nos vis VBF ? Fiables, durables et faciles à utiliser, les vis VBF sont idéales pour tous les projets de charpente, ossature bois, menuiserie ou assemblages exigeant solidité et précision.	https://www.vis-a-bois.com/produit/kit00806	https://lqsbsinycyewdvdtbruy.supabase.co/storage/v1/object/public/product-images/a007ec39-a846-4b4f-833b-a00de9bec2c6/5ce2f507-012e-4782-afaa-0574de4aac54-VBF.jpg	in_stock	126.00 EUR		Vis-à-Bois		KIT00806	new	1732	Gros volume	TRUE
KIT00809	4.000 VBF 4,5x40 + 8 emb TX20	Vis VBF pour bois – Acier carbone galvanisé bleu | Haute résistance & vissage facile La vis VBF en acier au carbone galvanisé est spécialement conçue pour les travaux de construction en bois. Elle offre un vissage rapide, propre et sans effort, grâce à sa pointe spécifique et à ses nervures de fraisage qui réduisent le couple et limitent le risque de fissuration du bois. Avantages de la vis Tête fraisée 90° avec nervures de fraisage pour un vissage affleurant et professionnel • Pointe spéciale pour bois, garantissant une pénétration rapide et précise • Empreinte TX antidérapante, évite le ripage et améliore le confort de vissage • Filetage partiel flottant, réduisant fortement l’effort lors de l’assemblage • Adaptée aux classes d’utilisation 1 et 2 (norme DIN EN 1995 – Eurocode 5) • Excellente résistance mécanique pour structures, charpentes et menuiseries • Certification ATE : qualité et performance garanties Pourquoi choisir nos vis VBF ? Fiables, durables et faciles à utiliser, les vis VBF sont idéales pour tous les projets de charpente, ossature bois, menuiserie ou assemblages exigeant solidité et précision.	https://www.vis-a-bois.com/produit/kit00809	https://lqsbsinycyewdvdtbruy.supabase.co/storage/v1/object/public/product-images/a007ec39-a846-4b4f-833b-a00de9bec2c6/5ce2f507-012e-4782-afaa-0574de4aac54-VBF.jpg	in_stock	126.00 EUR		Vis-à-Bois		KIT00809	new	1732	Gros volume	TRUE
KIT00810	4.000 VBF 4,5x45 + 8 emb TX20	Vis VBF pour bois – Acier carbone galvanisé bleu | Haute résistance & vissage facile La vis VBF en acier au carbone galvanisé est spécialement conçue pour les travaux de construction en bois. Elle offre un vissage rapide, propre et sans effort, grâce à sa pointe spécifique et à ses nervures de fraisage qui réduisent le couple et limitent le risque de fissuration du bois. Avantages de la vis Tête fraisée 90° avec nervures de fraisage pour un vissage affleurant et professionnel • Pointe spéciale pour bois, garantissant une pénétration rapide et précise • Empreinte TX antidérapante, évite le ripage et améliore le confort de vissage • Filetage partiel flottant, réduisant fortement l’effort lors de l’assemblage • Adaptée aux classes d’utilisation 1 et 2 (norme DIN EN 1995 – Eurocode 5) • Excellente résistance mécanique pour structures, charpentes et menuiseries • Certification ATE : qualité et performance garanties Pourquoi choisir nos vis VBF ? Fiables, durables et faciles à utiliser, les vis VBF sont idéales pour tous les projets de charpente, ossature bois, menuiserie ou assemblages exigeant solidité et précision.	https://www.vis-a-bois.com/produit/kit00810	https://lqsbsinycyewdvdtbruy.supabase.co/storage/v1/object/public/product-images/a007ec39-a846-4b4f-833b-a00de9bec2c6/5ce2f507-012e-4782-afaa-0574de4aac54-VBF.jpg	in_stock	126.00 EUR		Vis-à-Bois		KIT00810	new	1732	Gros volume	TRUE
KIT00805	4.500 VBF 4,0x45 + 9 emb TX20	Vis VBF pour bois – Acier carbone galvanisé bleu | Haute résistance & vissage facile La vis VBF en acier au carbone galvanisé est spécialement conçue pour les travaux de construction en bois. Elle offre un vissage rapide, propre et sans effort, grâce à sa pointe spécifique et à ses nervures de fraisage qui réduisent le couple et limitent le risque de fissuration du bois. Avantages de la vis Tête fraisée 90° avec nervures de fraisage pour un vissage affleurant et professionnel • Pointe spéciale pour bois, garantissant une pénétration rapide et précise • Empreinte TX antidérapante, évite le ripage et améliore le confort de vissage • Filetage partiel flottant, réduisant fortement l’effort lors de l’assemblage • Adaptée aux classes d’utilisation 1 et 2 (norme DIN EN 1995 – Eurocode 5) • Excellente résistance mécanique pour structures, charpentes et menuiseries • Certification ATE : qualité et performance garanties Pourquoi choisir nos vis VBF ? Fiables, durables et faciles à utiliser, les vis VBF sont idéales pour tous les projets de charpente, ossature bois, menuiserie ou assemblages exigeant solidité et précision.	https://www.vis-a-bois.com/produit/kit00805	https://lqsbsinycyewdvdtbruy.supabase.co/storage/v1/object/public/product-images/a007ec39-a846-4b4f-833b-a00de9bec2c6/5ce2f507-012e-4782-afaa-0574de4aac54-VBF.jpg	in_stock	126.00 EUR		Vis-à-Bois		KIT00805	new	1732	Gros volume	TRUE
KIT00829	400 VBF 6,0x160 + 4 emb TX30	Vis VBF pour bois – Acier carbone galvanisé bleu | Haute résistance & vissage facile La vis VBF en acier au carbone galvanisé est spécialement conçue pour les travaux de construction en bois. Elle offre un vissage rapide, propre et sans effort, grâce à sa pointe spécifique et à ses nervures de fraisage qui réduisent le couple et limitent le risque de fissuration du bois. Avantages de la vis Tête fraisée 90° avec nervures de fraisage pour un vissage affleurant et professionnel • Pointe spéciale pour bois, garantissant une pénétration rapide et précise • Empreinte TX antidérapante, évite le ripage et améliore le confort de vissage • Filetage partiel flottant, réduisant fortement l’effort lors de l’assemblage • Adaptée aux classes d’utilisation 1 et 2 (norme DIN EN 1995 – Eurocode 5) • Excellente résistance mécanique pour structures, charpentes et menuiseries • Certification ATE : qualité et performance garanties Pourquoi choisir nos vis VBF ? Fiables, durables et faciles à utiliser, les vis VBF sont idéales pour tous les projets de charpente, ossature bois, menuiserie ou assemblages exigeant solidité et précision.	https://www.vis-a-bois.com/produit/kit00829	https://lqsbsinycyewdvdtbruy.supabase.co/storage/v1/object/public/product-images/a007ec39-a846-4b4f-833b-a00de9bec2c6/5ce2f507-012e-4782-afaa-0574de4aac54-VBF.jpg	in_stock	126.00 EUR		Vis-à-Bois		KIT00829	new	1732	Gros volume	TRUE
KIT00912	400 VBHT 8,0 x 40 + 4 emb TX40	Vis Tirefond VBHT – Tête Hexagonale Zinguée – TX40 | Fixation Bois & Acier-Bois La vis tirefond VBHT est conçue pour offrir une fixation solide, durable et ultra-performante dans tous les assemblages bois et acier-bois. Grâce à sa tête hexagonale et son filetage de haute précision, elle assure un serrage puissant et un vissage rapide sans pré-perçage, même dans les bois durs. Sa pointe de fraisage et son double filet permettent une pénétration fluide, réduisant l’effort lors du vissage. Le revêtement de cire appliqué en fabrication garantit un couple réduit, une pose plus rapide et un confort d’utilisation optimal. Idéale pour les charpentes, ossatures bois, la vis VBHT est la solution parfaite pour un assemblage professionnel et durable. • Tête hexagonale pour un serrage optimal avec empreinte Torx • Double filet pour un vissage rapide • Pointe de fraisage = pénétration facile • Revêtement de cire = effort réduit • Idéale pour assemblages bois et acier-bois • Convient pour charpente, ossature, terrasse, menuiserie, construction bois • Diamètre : 8 mm • Longueur : 40 à 300 mm • Matière : Acier au carbone zingué • Empreinte : TX40 • Supports : Bois	https://www.vis-a-bois.com/produit/kit00912	https://lqsbsinycyewdvdtbruy.supabase.co/storage/v1/object/public/product-images/a007ec39-a846-4b4f-833b-a00de9bec2c6/d509aa7b-7716-430c-be73-e8610c5669d5-Vis-VBHT.jpg	in_stock	126.00 EUR		Vis-à-Bois		KIT00912	new	1732	Gros volume	TRUE
KIT00804	5.000 VBF 4,0x40 + 5 emb TX20	Vis VBF pour bois – Acier carbone galvanisé bleu | Haute résistance & vissage facile La vis VBF en acier au carbone galvanisé est spécialement conçue pour les travaux de construction en bois. Elle offre un vissage rapide, propre et sans effort, grâce à sa pointe spécifique et à ses nervures de fraisage qui réduisent le couple et limitent le risque de fissuration du bois. Avantages de la vis Tête fraisée 90° avec nervures de fraisage pour un vissage affleurant et professionnel • Pointe spéciale pour bois, garantissant une pénétration rapide et précise • Empreinte TX antidérapante, évite le ripage et améliore le confort de vissage • Filetage partiel flottant, réduisant fortement l’effort lors de l’assemblage • Adaptée aux classes d’utilisation 1 et 2 (norme DIN EN 1995 – Eurocode 5) • Excellente résistance mécanique pour structures, charpentes et menuiseries • Certification ATE : qualité et performance garanties Pourquoi choisir nos vis VBF ? Fiables, durables et faciles à utiliser, les vis VBF sont idéales pour tous les projets de charpente, ossature bois, menuiserie ou assemblages exigeant solidité et précision.	https://www.vis-a-bois.com/produit/kit00804	https://lqsbsinycyewdvdtbruy.supabase.co/storage/v1/object/public/product-images/a007ec39-a846-4b4f-833b-a00de9bec2c6/5ce2f507-012e-4782-afaa-0574de4aac54-VBF.jpg	in_stock	126.00 EUR		Vis-à-Bois		KIT00804	new	1732	Gros volume	TRUE
KIT00807	5.000 VBF 4,0x60 + 14 emb TX20	Vis VBF pour bois – Acier carbone galvanisé bleu | Haute résistance & vissage facile La vis VBF en acier au carbone galvanisé est spécialement conçue pour les travaux de construction en bois. Elle offre un vissage rapide, propre et sans effort, grâce à sa pointe spécifique et à ses nervures de fraisage qui réduisent le couple et limitent le risque de fissuration du bois. Avantages de la vis Tête fraisée 90° avec nervures de fraisage pour un vissage affleurant et professionnel • Pointe spéciale pour bois, garantissant une pénétration rapide et précise • Empreinte TX antidérapante, évite le ripage et améliore le confort de vissage • Filetage partiel flottant, réduisant fortement l’effort lors de l’assemblage • Adaptée aux classes d’utilisation 1 et 2 (norme DIN EN 1995 – Eurocode 5) • Excellente résistance mécanique pour structures, charpentes et menuiseries • Certification ATE : qualité et performance garanties Pourquoi choisir nos vis VBF ? Fiables, durables et faciles à utiliser, les vis VBF sont idéales pour tous les projets de charpente, ossature bois, menuiserie ou assemblages exigeant solidité et précision.	https://www.vis-a-bois.com/produit/kit00807	https://lqsbsinycyewdvdtbruy.supabase.co/storage/v1/object/public/product-images/a007ec39-a846-4b4f-833b-a00de9bec2c6/5ce2f507-012e-4782-afaa-0574de4aac54-VBF.jpg	in_stock	126.00 EUR		Vis-à-Bois		KIT00807	new	1732	Gros volume	TRUE
KIT00800	6.000 VBF 3,5x40 + 6 emb TX15	Vis VBF pour bois – Acier carbone galvanisé bleu | Haute résistance & vissage facile La vis VBF en acier au carbone galvanisé est spécialement conçue pour les travaux de construction en bois. Elle offre un vissage rapide, propre et sans effort, grâce à sa pointe spécifique et à ses nervures de fraisage qui réduisent le couple et limitent le risque de fissuration du bois. Avantages de la vis Tête fraisée 90° avec nervures de fraisage pour un vissage affleurant et professionnel • Pointe spéciale pour bois, garantissant une pénétration rapide et précise • Empreinte TX antidérapante, évite le ripage et améliore le confort de vissage • Filetage partiel flottant, réduisant fortement l’effort lors de l’assemblage • Adaptée aux classes d’utilisation 1 et 2 (norme DIN EN 1995 – Eurocode 5) • Excellente résistance mécanique pour structures, charpentes et menuiseries • Certification ATE : qualité et performance garanties Pourquoi choisir nos vis VBF ? Fiables, durables et faciles à utiliser, les vis VBF sont idéales pour tous les projets de charpente, ossature bois, menuiserie ou assemblages exigeant solidité et précision.	https://www.vis-a-bois.com/produit/kit00800	https://lqsbsinycyewdvdtbruy.supabase.co/storage/v1/object/public/product-images/a007ec39-a846-4b4f-833b-a00de9bec2c6/5ce2f507-012e-4782-afaa-0574de4aac54-VBF.jpg	in_stock	126.00 EUR		Vis-à-Bois		KIT00800	new	1732	Gros volume	TRUE
KIT00803	6.000 VBF 4,0x35 + 4 emb TX20	Vis VBF pour bois – Acier carbone galvanisé bleu | Haute résistance & vissage facile La vis VBF en acier au carbone galvanisé est spécialement conçue pour les travaux de construction en bois. Elle offre un vissage rapide, propre et sans effort, grâce à sa pointe spécifique et à ses nervures de fraisage qui réduisent le couple et limitent le risque de fissuration du bois. Avantages de la vis Tête fraisée 90° avec nervures de fraisage pour un vissage affleurant et professionnel • Pointe spéciale pour bois, garantissant une pénétration rapide et précise • Empreinte TX antidérapante, évite le ripage et améliore le confort de vissage • Filetage partiel flottant, réduisant fortement l’effort lors de l’assemblage • Adaptée aux classes d’utilisation 1 et 2 (norme DIN EN 1995 – Eurocode 5) • Excellente résistance mécanique pour structures, charpentes et menuiseries • Certification ATE : qualité et performance garanties Pourquoi choisir nos vis VBF ? Fiables, durables et faciles à utiliser, les vis VBF sont idéales pour tous les projets de charpente, ossature bois, menuiserie ou assemblages exigeant solidité et précision.	https://www.vis-a-bois.com/produit/kit00803	https://lqsbsinycyewdvdtbruy.supabase.co/storage/v1/object/public/product-images/a007ec39-a846-4b4f-833b-a00de9bec2c6/5ce2f507-012e-4782-afaa-0574de4aac54-VBF.jpg	in_stock	126.00 EUR		Vis-à-Bois		KIT00803	new	1732	Gros volume	TRUE
KIT00929	600 QS 5,0x80 inox	Vis terrasse bois inox QS – La référence pour les assemblages extérieurs durables Cette vis à filetage partiel, fabriquée en acier inoxydable de haute qualité, garantit une tenue optimale et une résistance aux intempéries. Elle est spécialement conçue pour les montages bois-bois en extérieur, même en zones constamment exposées à l’humidité. ✔ Empreinte Torx 25 Pour une transmission optimale du couple de serrage ✔ Pointe anti-fendage type 17 Amorce immédiate sans éclatement du bois, permettant une pose rapide et précise ✔ Filets fraiseurs haute performance Fixation nette, sans jeu, avec une meilleure pénétration dans le bois et une finition parfaitement intégrée. ✔ Filetage partiel Assure un serrage optimal entre lame et lambourde pour une fixation ferme et durable. ✔ Acier inoxydable • Excellente résistance à la corrosion • Idéal pour environnements extérieurs humides • Longévité renforcée de la structure Domaines d’utilisation • Fixation de lames de terrasse en bois résineux sur lambourdes en bois résineux • Pose d’ouvrages extérieurs soumis aux intempéries : terrasses, platelages, aménagements de jardin… La vis inox VTI indispensables pour une terrasse stable, élégante et construite pour durer.	https://www.vis-a-bois.com/produit/kit00929	https://lqsbsinycyewdvdtbruy.supabase.co/storage/v1/object/public/product-images/a007ec39-a846-4b4f-833b-a00de9bec2c6/d8d458e4-d135-4e5c-aa4d-6f8929a10c7c-Vis-QS.JPG	in_stock	126.00 EUR		Vis-à-Bois		KIT00929	new	1732	Gros volume	TRUE
KIT00828	600 VBF 6,0x140 + 6 emb TX30	Vis VBF pour bois – Acier carbone galvanisé bleu | Haute résistance & vissage facile La vis VBF en acier au carbone galvanisé est spécialement conçue pour les travaux de construction en bois. Elle offre un vissage rapide, propre et sans effort, grâce à sa pointe spécifique et à ses nervures de fraisage qui réduisent le couple et limitent le risque de fissuration du bois. Avantages de la vis Tête fraisée 90° avec nervures de fraisage pour un vissage affleurant et professionnel • Pointe spéciale pour bois, garantissant une pénétration rapide et précise • Empreinte TX antidérapante, évite le ripage et améliore le confort de vissage • Filetage partiel flottant, réduisant fortement l’effort lors de l’assemblage • Adaptée aux classes d’utilisation 1 et 2 (norme DIN EN 1995 – Eurocode 5) • Excellente résistance mécanique pour structures, charpentes et menuiseries • Certification ATE : qualité et performance garanties Pourquoi choisir nos vis VBF ? Fiables, durables et faciles à utiliser, les vis VBF sont idéales pour tous les projets de charpente, ossature bois, menuiserie ou assemblages exigeant solidité et précision.	https://www.vis-a-bois.com/produit/kit00828	https://lqsbsinycyewdvdtbruy.supabase.co/storage/v1/object/public/product-images/a007ec39-a846-4b4f-833b-a00de9bec2c6/5ce2f507-012e-4782-afaa-0574de4aac54-VBF.jpg	in_stock	126.00 EUR		Vis-à-Bois		KIT00828	new	1732	Gros volume	TRUE
KIT00799	7.000 VBF 3,5x35 + 7 emb TX35	Vis VBF pour bois – Acier carbone galvanisé bleu | Haute résistance & vissage facile La vis VBF en acier au carbone galvanisé est spécialement conçue pour les travaux de construction en bois. Elle offre un vissage rapide, propre et sans effort, grâce à sa pointe spécifique et à ses nervures de fraisage qui réduisent le couple et limitent le risque de fissuration du bois. Avantages de la vis Tête fraisée 90° avec nervures de fraisage pour un vissage affleurant et professionnel • Pointe spéciale pour bois, garantissant une pénétration rapide et précise • Empreinte TX antidérapante, évite le ripage et améliore le confort de vissage • Filetage partiel flottant, réduisant fortement l’effort lors de l’assemblage • Adaptée aux classes d’utilisation 1 et 2 (norme DIN EN 1995 – Eurocode 5) • Excellente résistance mécanique pour structures, charpentes et menuiseries • Certification ATE : qualité et performance garanties Pourquoi choisir nos vis VBF ? Fiables, durables et faciles à utiliser, les vis VBF sont idéales pour tous les projets de charpente, ossature bois, menuiserie ou assemblages exigeant solidité et précision.	https://www.vis-a-bois.com/produit/kit00799	https://lqsbsinycyewdvdtbruy.supabase.co/storage/v1/object/public/product-images/a007ec39-a846-4b4f-833b-a00de9bec2c6/5ce2f507-012e-4782-afaa-0574de4aac54-VBF.jpg	in_stock	126.00 EUR		Vis-à-Bois		KIT00799	new	1732	Gros volume	TRUE
KIT00801	7.000 VBF 4,0x25 + 7 emb TX20	Vis VBF pour bois – Acier carbone galvanisé bleu | Haute résistance & vissage facile La vis VBF en acier au carbone galvanisé est spécialement conçue pour les travaux de construction en bois. Elle offre un vissage rapide, propre et sans effort, grâce à sa pointe spécifique et à ses nervures de fraisage qui réduisent le couple et limitent le risque de fissuration du bois. Avantages de la vis Tête fraisée 90° avec nervures de fraisage pour un vissage affleurant et professionnel • Pointe spéciale pour bois, garantissant une pénétration rapide et précise • Empreinte TX antidérapante, évite le ripage et améliore le confort de vissage • Filetage partiel flottant, réduisant fortement l’effort lors de l’assemblage • Adaptée aux classes d’utilisation 1 et 2 (norme DIN EN 1995 – Eurocode 5) • Excellente résistance mécanique pour structures, charpentes et menuiseries • Certification ATE : qualité et performance garanties Pourquoi choisir nos vis VBF ? Fiables, durables et faciles à utiliser, les vis VBF sont idéales pour tous les projets de charpente, ossature bois, menuiserie ou assemblages exigeant solidité et précision.	https://www.vis-a-bois.com/produit/kit00801	https://lqsbsinycyewdvdtbruy.supabase.co/storage/v1/object/public/product-images/a007ec39-a846-4b4f-833b-a00de9bec2c6/5ce2f507-012e-4782-afaa-0574de4aac54-VBF.jpg	in_stock	126.00 EUR		Vis-à-Bois		KIT00801	new	1732	Gros volume	TRUE
KIT00802	7.000 VBF 4,0x30 + 7 emb TX20	Vis VBF pour bois – Acier carbone galvanisé bleu | Haute résistance & vissage facile La vis VBF en acier au carbone galvanisé est spécialement conçue pour les travaux de construction en bois. Elle offre un vissage rapide, propre et sans effort, grâce à sa pointe spécifique et à ses nervures de fraisage qui réduisent le couple et limitent le risque de fissuration du bois. Avantages de la vis Tête fraisée 90° avec nervures de fraisage pour un vissage affleurant et professionnel • Pointe spéciale pour bois, garantissant une pénétration rapide et précise • Empreinte TX antidérapante, évite le ripage et améliore le confort de vissage • Filetage partiel flottant, réduisant fortement l’effort lors de l’assemblage • Adaptée aux classes d’utilisation 1 et 2 (norme DIN EN 1995 – Eurocode 5) • Excellente résistance mécanique pour structures, charpentes et menuiseries • Certification ATE : qualité et performance garanties Pourquoi choisir nos vis VBF ? Fiables, durables et faciles à utiliser, les vis VBF sont idéales pour tous les projets de charpente, ossature bois, menuiserie ou assemblages exigeant solidité et précision.	https://www.vis-a-bois.com/produit/kit00802	https://lqsbsinycyewdvdtbruy.supabase.co/storage/v1/object/public/product-images/a007ec39-a846-4b4f-833b-a00de9bec2c6/5ce2f507-012e-4782-afaa-0574de4aac54-VBF.jpg	in_stock	126.00 EUR		Vis-à-Bois		KIT00802	new	1732	Gros volume	TRUE
KIT00827	700 VBF 6,0x120 + 7 emb TX30	Vis VBF pour bois – Acier carbone galvanisé bleu | Haute résistance & vissage facile La vis VBF en acier au carbone galvanisé est spécialement conçue pour les travaux de construction en bois. Elle offre un vissage rapide, propre et sans effort, grâce à sa pointe spécifique et à ses nervures de fraisage qui réduisent le couple et limitent le risque de fissuration du bois. Avantages de la vis Tête fraisée 90° avec nervures de fraisage pour un vissage affleurant et professionnel • Pointe spéciale pour bois, garantissant une pénétration rapide et précise • Empreinte TX antidérapante, évite le ripage et améliore le confort de vissage • Filetage partiel flottant, réduisant fortement l’effort lors de l’assemblage • Adaptée aux classes d’utilisation 1 et 2 (norme DIN EN 1995 – Eurocode 5) • Excellente résistance mécanique pour structures, charpentes et menuiseries • Certification ATE : qualité et performance garanties Pourquoi choisir nos vis VBF ? Fiables, durables et faciles à utiliser, les vis VBF sont idéales pour tous les projets de charpente, ossature bois, menuiserie ou assemblages exigeant solidité et précision.	https://www.vis-a-bois.com/produit/kit00827	https://lqsbsinycyewdvdtbruy.supabase.co/storage/v1/object/public/product-images/a007ec39-a846-4b4f-833b-a00de9bec2c6/5ce2f507-012e-4782-afaa-0574de4aac54-VBF.jpg	in_stock	126.00 EUR		Vis-à-Bois		KIT00827	new	1732	Gros volume	TRUE
KIT00798	8.000 VBF 3,5x30 + 8 emb TX15	Vis VBF pour bois – Acier carbone galvanisé bleu | Haute résistance & vissage facile La vis VBF en acier au carbone galvanisé est spécialement conçue pour les travaux de construction en bois. Elle offre un vissage rapide, propre et sans effort, grâce à sa pointe spécifique et à ses nervures de fraisage qui réduisent le couple et limitent le risque de fissuration du bois. Avantages de la vis Tête fraisée 90° avec nervures de fraisage pour un vissage affleurant et professionnel • Pointe spéciale pour bois, garantissant une pénétration rapide et précise • Empreinte TX antidérapante, évite le ripage et améliore le confort de vissage • Filetage partiel flottant, réduisant fortement l’effort lors de l’assemblage • Adaptée aux classes d’utilisation 1 et 2 (norme DIN EN 1995 – Eurocode 5) • Excellente résistance mécanique pour structures, charpentes et menuiseries • Certification ATE : qualité et performance garanties Pourquoi choisir nos vis VBF ? Fiables, durables et faciles à utiliser, les vis VBF sont idéales pour tous les projets de charpente, ossature bois, menuiserie ou assemblages exigeant solidité et précision.	https://www.vis-a-bois.com/produit/kit00798	https://lqsbsinycyewdvdtbruy.supabase.co/storage/v1/object/public/product-images/a007ec39-a846-4b4f-833b-a00de9bec2c6/5ce2f507-012e-4782-afaa-0574de4aac54-VBF.jpg	in_stock	126.00 EUR		Vis-à-Bois		KIT00798	new	1732	Gros volume	TRUE
KIT00823	800 VBF 5,0x120 + 4 emb TX25	Vis VBF pour bois – Acier carbone galvanisé bleu | Haute résistance & vissage facile La vis VBF en acier au carbone galvanisé est spécialement conçue pour les travaux de construction en bois. Elle offre un vissage rapide, propre et sans effort, grâce à sa pointe spécifique et à ses nervures de fraisage qui réduisent le couple et limitent le risque de fissuration du bois. Avantages de la vis Tête fraisée 90° avec nervures de fraisage pour un vissage affleurant et professionnel • Pointe spéciale pour bois, garantissant une pénétration rapide et précise • Empreinte TX antidérapante, évite le ripage et améliore le confort de vissage • Filetage partiel flottant, réduisant fortement l’effort lors de l’assemblage • Adaptée aux classes d’utilisation 1 et 2 (norme DIN EN 1995 – Eurocode 5) • Excellente résistance mécanique pour structures, charpentes et menuiseries • Certification ATE : qualité et performance garanties Pourquoi choisir nos vis VBF ? Fiables, durables et faciles à utiliser, les vis VBF sont idéales pour tous les projets de charpente, ossature bois, menuiserie ou assemblages exigeant solidité et précision.	https://www.vis-a-bois.com/produit/kit00823	https://lqsbsinycyewdvdtbruy.supabase.co/storage/v1/object/public/product-images/a007ec39-a846-4b4f-833b-a00de9bec2c6/5ce2f507-012e-4782-afaa-0574de4aac54-VBF.jpg	in_stock	126.00 EUR		Vis-à-Bois		KIT00823	new	1732	Gros volume	TRUE
KIT00826	800 VBF 6,0x100 + 8 emb TX30	Vis VBF pour bois – Acier carbone galvanisé bleu | Haute résistance & vissage facile La vis VBF en acier au carbone galvanisé est spécialement conçue pour les travaux de construction en bois. Elle offre un vissage rapide, propre et sans effort, grâce à sa pointe spécifique et à ses nervures de fraisage qui réduisent le couple et limitent le risque de fissuration du bois. Avantages de la vis Tête fraisée 90° avec nervures de fraisage pour un vissage affleurant et professionnel • Pointe spéciale pour bois, garantissant une pénétration rapide et précise • Empreinte TX antidérapante, évite le ripage et améliore le confort de vissage • Filetage partiel flottant, réduisant fortement l’effort lors de l’assemblage • Adaptée aux classes d’utilisation 1 et 2 (norme DIN EN 1995 – Eurocode 5) • Excellente résistance mécanique pour structures, charpentes et menuiseries • Certification ATE : qualité et performance garanties Pourquoi choisir nos vis VBF ? Fiables, durables et faciles à utiliser, les vis VBF sont idéales pour tous les projets de charpente, ossature bois, menuiserie ou assemblages exigeant solidité et précision.	https://www.vis-a-bois.com/produit/kit00826	https://lqsbsinycyewdvdtbruy.supabase.co/storage/v1/object/public/product-images/a007ec39-a846-4b4f-833b-a00de9bec2c6/5ce2f507-012e-4782-afaa-0574de4aac54-VBF.jpg	in_stock	126.00 EUR		Vis-à-Bois		KIT00826	new	1732	Gros volume	TRUE
KIT00797	9.000 VBF 3,5x25 + 9 emb TX15	Vis VBF pour bois – Acier carbone galvanisé bleu | Haute résistance & vissage facile La vis VBF en acier au carbone galvanisé est spécialement conçue pour les travaux de construction en bois. Elle offre un vissage rapide, propre et sans effort, grâce à sa pointe spécifique et à ses nervures de fraisage qui réduisent le couple et limitent le risque de fissuration du bois. Avantages de la vis Tête fraisée 90° avec nervures de fraisage pour un vissage affleurant et professionnel • Pointe spéciale pour bois, garantissant une pénétration rapide et précise • Empreinte TX antidérapante, évite le ripage et améliore le confort de vissage • Filetage partiel flottant, réduisant fortement l’effort lors de l’assemblage • Adaptée aux classes d’utilisation 1 et 2 (norme DIN EN 1995 – Eurocode 5) • Excellente résistance mécanique pour structures, charpentes et menuiseries • Certification ATE : qualité et performance garanties Pourquoi choisir nos vis VBF ? Fiables, durables et faciles à utiliser, les vis VBF sont idéales pour tous les projets de charpente, ossature bois, menuiserie ou assemblages exigeant solidité et précision.	https://www.vis-a-bois.com/produit/kit00797	https://lqsbsinycyewdvdtbruy.supabase.co/storage/v1/object/public/product-images/a007ec39-a846-4b4f-833b-a00de9bec2c6/5ce2f507-012e-4782-afaa-0574de4aac54-VBF.jpg	in_stock	126.00 EUR		Vis-à-Bois		KIT00797	new	1732	Gros volume	TRUE
TOOLBS3A	Coffret de 71 embouts	Coffret d'embouts de vissage professionnel de 71 pcs Le coffret comprend : - 12 embouts PH - 12 embouts PZ - 6 embouts plats (3, 4, 5, 6 mm) - 6 embouts six-pans (3, 4, 5, 6 mm) - 18 embouts TORX (TX10, TX15, TX20, TX25, TX30, TX40) - 3 embouts SP (4, 6, 8mm) - 3 embouts TW (2, 3, 4) - 4 embouts long 70 mm (1xPH1 / 1xPH2 / 1xPZ1 / 1xPZ2) - 2 embouts long 70 mm plat (4 et 6) - 3 embouts long 70 mm (T20, T25 et T30) - 1 porte-embout magnétique 60 mm - 1 porte-embout a verrouillage	https://www.vis-a-bois.com/produit/toolbs3a	https://lqsbsinycyewdvdtbruy.supabase.co/storage/v1/object/public/product-images/a007ec39-a846-4b4f-833b-a00de9bec2c6/d95a7566-25aa-47d0-a4d6-5aaa30709046-TOOLBS3A.jpg	in_stock	54.00 EUR		Vis-à-Bois		TOOLBS3A	new	1732	Accessoires	TRUE
TX2510	Embout TX-10	Embout de vissage empreinte torx 10 de 25 mm premium pour vis à vois	https://www.vis-a-bois.com/produit/tx2510	https://lqsbsinycyewdvdtbruy.supabase.co/storage/v1/object/public/product-images/a007ec39-a846-4b4f-833b-a00de9bec2c6/67e10e36-1321-4107-8eb6-b53b4f05dc0d-TX2515.jpg	in_stock	9.00 EUR		Vis-à-Bois		TX2510	new	1732	Accessoires	TRUE
TX2515	Embout TX-15	Embout de vissage empreinte torx 15 de 25 mm premium pour vis à vois	https://www.vis-a-bois.com/produit/tx2515	https://lqsbsinycyewdvdtbruy.supabase.co/storage/v1/object/public/product-images/a007ec39-a846-4b4f-833b-a00de9bec2c6/67e10e36-1321-4107-8eb6-b53b4f05dc0d-TX2515.jpg	in_stock	9.00 EUR		Vis-à-Bois		TX2515	new	1732	Accessoires	TRUE
TX2520	Embout TX-20	Embout de vissage empreinte torx 20 de 25 mm premium pour vis à vois	https://www.vis-a-bois.com/produit/tx2520	https://lqsbsinycyewdvdtbruy.supabase.co/storage/v1/object/public/product-images/a007ec39-a846-4b4f-833b-a00de9bec2c6/67e10e36-1321-4107-8eb6-b53b4f05dc0d-TX2515.jpg	in_stock	9.00 EUR		Vis-à-Bois		TX2520	new	1732	Accessoires	TRUE
TX2525	Embout TX-25	Embout de vissage empreinte torx 25 de 25 mm premium pour vis à vois	https://www.vis-a-bois.com/produit/tx2525	https://lqsbsinycyewdvdtbruy.supabase.co/storage/v1/object/public/product-images/a007ec39-a846-4b4f-833b-a00de9bec2c6/67e10e36-1321-4107-8eb6-b53b4f05dc0d-TX2515.jpg	in_stock	9.00 EUR		Vis-à-Bois		TX2525	new	1732	Accessoires	TRUE
TX2530	Embout TX-30	Embout de vissage empreinte torx 30 de 25 mm premium pour vis à vois	https://www.vis-a-bois.com/produit/tx2530	https://lqsbsinycyewdvdtbruy.supabase.co/storage/v1/object/public/product-images/a007ec39-a846-4b4f-833b-a00de9bec2c6/67e10e36-1321-4107-8eb6-b53b4f05dc0d-TX2515.jpg	in_stock	9.00 EUR		Vis-à-Bois		TX2530	new	1732	Accessoires	TRUE
TX2540	Embout TX-40	Embout de vissage empreinte torx 40 de 25 mm premium pour vis à vois	https://www.vis-a-bois.com/produit/tx2540	https://lqsbsinycyewdvdtbruy.supabase.co/storage/v1/object/public/product-images/a007ec39-a846-4b4f-833b-a00de9bec2c6/67e10e36-1321-4107-8eb6-b53b4f05dc0d-TX2515.jpg	in_stock	9.00 EUR		Vis-à-Bois		TX2540	new	1732	Accessoires	TRUE
VBHT8100	Vis bois Tirefond VBHT 8,0 x 100 galva	Vis Tirefond VBHT – Tête Hexagonale Zinguée – TX40 | Fixation Bois & Acier-Bois La vis tirefond VBHT est conçue pour offrir une fixation solide, durable et ultra-performante dans tous les assemblages bois et acier-bois. Grâce à sa tête hexagonale et son filetage de haute précision, elle assure un serrage puissant et un vissage rapide sans pré-perçage, même dans les bois durs. Sa pointe de fraisage et son double filet permettent une pénétration fluide, réduisant l’effort lors du vissage. Le revêtement de cire appliqué en fabrication garantit un couple réduit, une pose plus rapide et un confort d’utilisation optimal. Idéale pour les charpentes, ossatures bois, la vis VBHT est la solution parfaite pour un assemblage professionnel et durable. • Tête hexagonale pour un serrage optimal avec empreinte Torx • Double filet pour un vissage rapide • Pointe de fraisage = pénétration facile • Revêtement de cire = effort réduit • Idéale pour assemblages bois et acier-bois • Convient pour charpente, ossature, terrasse, menuiserie, construction bois • Diamètre : 8 mm • Longueur : 40 à 300 mm • Matière : Acier au carbone zingué • Empreinte : TX40 • Supports : Bois	https://www.vis-a-bois.com/produit/vbht8100	https://lqsbsinycyewdvdtbruy.supabase.co/storage/v1/object/public/product-images/8e90f441-f6a0-42a0-936f-241c5ecaa693/4019e374-9fdb-4842-8e22-6a1f24c15e14-vis-tirefond.webp	in_stock	26.00 EUR		Vis-à-Bois	3660601096436	VBHT8100	new	1732	Tirefond	TRUE
VBHT8120	Vis bois Tirefond VBHT 8,0 x 120 galva	Vis Tirefond VBHT – Tête Hexagonale Zinguée – TX40 | Fixation Bois & Acier-Bois La vis tirefond VBHT est conçue pour offrir une fixation solide, durable et ultra-performante dans tous les assemblages bois et acier-bois. Grâce à sa tête hexagonale et son filetage de haute précision, elle assure un serrage puissant et un vissage rapide sans pré-perçage, même dans les bois durs. Sa pointe de fraisage et son double filet permettent une pénétration fluide, réduisant l’effort lors du vissage. Le revêtement de cire appliqué en fabrication garantit un couple réduit, une pose plus rapide et un confort d’utilisation optimal. Idéale pour les charpentes, ossatures bois, la vis VBHT est la solution parfaite pour un assemblage professionnel et durable. • Tête hexagonale pour un serrage optimal avec empreinte Torx • Double filet pour un vissage rapide • Pointe de fraisage = pénétration facile • Revêtement de cire = effort réduit • Idéale pour assemblages bois et acier-bois • Convient pour charpente, ossature, terrasse, menuiserie, construction bois • Diamètre : 8 mm • Longueur : 40 à 300 mm • Matière : Acier au carbone zingué • Empreinte : TX40 • Supports : Bois	https://www.vis-a-bois.com/produit/vbht8120	https://lqsbsinycyewdvdtbruy.supabase.co/storage/v1/object/public/product-images/8e90f441-f6a0-42a0-936f-241c5ecaa693/4019e374-9fdb-4842-8e22-6a1f24c15e14-vis-tirefond.webp	in_stock	30.00 EUR		Vis-à-Bois	3660601096443	VBHT8120	new	1732	Tirefond	TRUE
VBHT8140	Vis bois Tirefond VBHT 8,0 x 140 galva	Vis Tirefond VBHT – Tête Hexagonale Zinguée – TX40 | Fixation Bois & Acier-Bois La vis tirefond VBHT est conçue pour offrir une fixation solide, durable et ultra-performante dans tous les assemblages bois et acier-bois. Grâce à sa tête hexagonale et son filetage de haute précision, elle assure un serrage puissant et un vissage rapide sans pré-perçage, même dans les bois durs. Sa pointe de fraisage et son double filet permettent une pénétration fluide, réduisant l’effort lors du vissage. Le revêtement de cire appliqué en fabrication garantit un couple réduit, une pose plus rapide et un confort d’utilisation optimal. Idéale pour les charpentes, ossatures bois, la vis VBHT est la solution parfaite pour un assemblage professionnel et durable. • Tête hexagonale pour un serrage optimal avec empreinte Torx • Double filet pour un vissage rapide • Pointe de fraisage = pénétration facile • Revêtement de cire = effort réduit • Idéale pour assemblages bois et acier-bois • Convient pour charpente, ossature, terrasse, menuiserie, construction bois • Diamètre : 8 mm • Longueur : 40 à 300 mm • Matière : Acier au carbone zingué • Empreinte : TX40 • Supports : Bois	https://www.vis-a-bois.com/produit/vbht8140	https://lqsbsinycyewdvdtbruy.supabase.co/storage/v1/object/public/product-images/8e90f441-f6a0-42a0-936f-241c5ecaa693/4019e374-9fdb-4842-8e22-6a1f24c15e14-vis-tirefond.webp	in_stock	35.00 EUR		Vis-à-Bois	3660601096450	VBHT8140	new	1732	Tirefond	TRUE
VBHT8160	Vis bois Tirefond VBHT 8,0 x 160 galva	Vis Tirefond VBHT – Tête Hexagonale Zinguée – TX40 | Fixation Bois & Acier-Bois La vis tirefond VBHT est conçue pour offrir une fixation solide, durable et ultra-performante dans tous les assemblages bois et acier-bois. Grâce à sa tête hexagonale et son filetage de haute précision, elle assure un serrage puissant et un vissage rapide sans pré-perçage, même dans les bois durs. Sa pointe de fraisage et son double filet permettent une pénétration fluide, réduisant l’effort lors du vissage. Le revêtement de cire appliqué en fabrication garantit un couple réduit, une pose plus rapide et un confort d’utilisation optimal. Idéale pour les charpentes, ossatures bois, la vis VBHT est la solution parfaite pour un assemblage professionnel et durable. • Tête hexagonale pour un serrage optimal avec empreinte Torx • Double filet pour un vissage rapide • Pointe de fraisage = pénétration facile • Revêtement de cire = effort réduit • Idéale pour assemblages bois et acier-bois • Convient pour charpente, ossature, terrasse, menuiserie, construction bois • Diamètre : 8 mm • Longueur : 40 à 300 mm • Matière : Acier au carbone zingué • Empreinte : TX40 • Supports : Bois	https://www.vis-a-bois.com/produit/vbht8160	https://lqsbsinycyewdvdtbruy.supabase.co/storage/v1/object/public/product-images/8e90f441-f6a0-42a0-936f-241c5ecaa693/4019e374-9fdb-4842-8e22-6a1f24c15e14-vis-tirefond.webp	in_stock	42.00 EUR		Vis-à-Bois	3660601096467	VBHT8160	new	1732	Tirefond	TRUE
VBHT8180	Vis bois Tirefond VBHT 8,0 x 180 galva	Vis Tirefond VBHT – Tête Hexagonale Zinguée – TX40 | Fixation Bois & Acier-Bois La vis tirefond VBHT est conçue pour offrir une fixation solide, durable et ultra-performante dans tous les assemblages bois et acier-bois. Grâce à sa tête hexagonale et son filetage de haute précision, elle assure un serrage puissant et un vissage rapide sans pré-perçage, même dans les bois durs. Sa pointe de fraisage et son double filet permettent une pénétration fluide, réduisant l’effort lors du vissage. Le revêtement de cire appliqué en fabrication garantit un couple réduit, une pose plus rapide et un confort d’utilisation optimal. Idéale pour les charpentes, ossatures bois, la vis VBHT est la solution parfaite pour un assemblage professionnel et durable. • Tête hexagonale pour un serrage optimal avec empreinte Torx • Double filet pour un vissage rapide • Pointe de fraisage = pénétration facile • Revêtement de cire = effort réduit • Idéale pour assemblages bois et acier-bois • Convient pour charpente, ossature, terrasse, menuiserie, construction bois • Diamètre : 8 mm • Longueur : 40 à 300 mm • Matière : Acier au carbone zingué • Empreinte : TX40 • Supports : Bois	https://www.vis-a-bois.com/produit/vbht8180	https://lqsbsinycyewdvdtbruy.supabase.co/storage/v1/object/public/product-images/8e90f441-f6a0-42a0-936f-241c5ecaa693/4019e374-9fdb-4842-8e22-6a1f24c15e14-vis-tirefond.webp	in_stock	48.00 EUR		Vis-à-Bois	3660601096474	VBHT8180	new	1732	Tirefond	TRUE
VBHT8200	Vis bois Tirefond VBHT 8,0 x 200 galva	Vis Tirefond VBHT – Tête Hexagonale Zinguée – TX40 | Fixation Bois & Acier-Bois La vis tirefond VBHT est conçue pour offrir une fixation solide, durable et ultra-performante dans tous les assemblages bois et acier-bois. Grâce à sa tête hexagonale et son filetage de haute précision, elle assure un serrage puissant et un vissage rapide sans pré-perçage, même dans les bois durs. Sa pointe de fraisage et son double filet permettent une pénétration fluide, réduisant l’effort lors du vissage. Le revêtement de cire appliqué en fabrication garantit un couple réduit, une pose plus rapide et un confort d’utilisation optimal. Idéale pour les charpentes, ossatures bois, la vis VBHT est la solution parfaite pour un assemblage professionnel et durable. • Tête hexagonale pour un serrage optimal avec empreinte Torx • Double filet pour un vissage rapide • Pointe de fraisage = pénétration facile • Revêtement de cire = effort réduit • Idéale pour assemblages bois et acier-bois • Convient pour charpente, ossature, terrasse, menuiserie, construction bois • Diamètre : 8 mm • Longueur : 40 à 300 mm • Matière : Acier au carbone zingué • Empreinte : TX40 • Supports : Bois	https://www.vis-a-bois.com/produit/vbht8200	https://lqsbsinycyewdvdtbruy.supabase.co/storage/v1/object/public/product-images/8e90f441-f6a0-42a0-936f-241c5ecaa693/4019e374-9fdb-4842-8e22-6a1f24c15e14-vis-tirefond.webp	in_stock	59.00 EUR		Vis-à-Bois	3660601096481	VBHT8200	new	1732	Tirefond	TRUE
VBHT8220	Vis bois Tirefond VBHT 8,0 x 220 galva	Vis Tirefond VBHT – Tête Hexagonale Zinguée – TX40 | Fixation Bois & Acier-Bois La vis tirefond VBHT est conçue pour offrir une fixation solide, durable et ultra-performante dans tous les assemblages bois et acier-bois. Grâce à sa tête hexagonale et son filetage de haute précision, elle assure un serrage puissant et un vissage rapide sans pré-perçage, même dans les bois durs. Sa pointe de fraisage et son double filet permettent une pénétration fluide, réduisant l’effort lors du vissage. Le revêtement de cire appliqué en fabrication garantit un couple réduit, une pose plus rapide et un confort d’utilisation optimal. Idéale pour les charpentes, ossatures bois, la vis VBHT est la solution parfaite pour un assemblage professionnel et durable. • Tête hexagonale pour un serrage optimal avec empreinte Torx • Double filet pour un vissage rapide • Pointe de fraisage = pénétration facile • Revêtement de cire = effort réduit • Idéale pour assemblages bois et acier-bois • Convient pour charpente, ossature, terrasse, menuiserie, construction bois • Diamètre : 8 mm • Longueur : 40 à 300 mm • Matière : Acier au carbone zingué • Empreinte : TX40 • Supports : Bois	https://www.vis-a-bois.com/produit/vbht8220	https://lqsbsinycyewdvdtbruy.supabase.co/storage/v1/object/public/product-images/8e90f441-f6a0-42a0-936f-241c5ecaa693/4019e374-9fdb-4842-8e22-6a1f24c15e14-vis-tirefond.webp	in_stock	66.00 EUR		Vis-à-Bois	3660601096498	VBHT8220	new	1732	Tirefond	TRUE
VBHT8240	Vis bois Tirefond VBHT 8,0 x 240 galva	Vis Tirefond VBHT – Tête Hexagonale Zinguée – TX40 | Fixation Bois & Acier-Bois La vis tirefond VBHT est conçue pour offrir une fixation solide, durable et ultra-performante dans tous les assemblages bois et acier-bois. Grâce à sa tête hexagonale et son filetage de haute précision, elle assure un serrage puissant et un vissage rapide sans pré-perçage, même dans les bois durs. Sa pointe de fraisage et son double filet permettent une pénétration fluide, réduisant l’effort lors du vissage. Le revêtement de cire appliqué en fabrication garantit un couple réduit, une pose plus rapide et un confort d’utilisation optimal. Idéale pour les charpentes, ossatures bois, la vis VBHT est la solution parfaite pour un assemblage professionnel et durable. • Tête hexagonale pour un serrage optimal avec empreinte Torx • Double filet pour un vissage rapide • Pointe de fraisage = pénétration facile • Revêtement de cire = effort réduit • Idéale pour assemblages bois et acier-bois • Convient pour charpente, ossature, terrasse, menuiserie, construction bois • Diamètre : 8 mm • Longueur : 40 à 300 mm • Matière : Acier au carbone zingué • Empreinte : TX40 • Supports : Bois	https://www.vis-a-bois.com/produit/vbht8240	https://lqsbsinycyewdvdtbruy.supabase.co/storage/v1/object/public/product-images/8e90f441-f6a0-42a0-936f-241c5ecaa693/4019e374-9fdb-4842-8e22-6a1f24c15e14-vis-tirefond.webp	in_stock	75.00 EUR		Vis-à-Bois	3660601096504	VBHT8240	new	1732	Tirefond	TRUE
VBHT8260	Vis bois Tirefond VBHT 8,0 x 260 galva	Vis Tirefond VBHT – Tête Hexagonale Zinguée – TX40 | Fixation Bois & Acier-Bois La vis tirefond VBHT est conçue pour offrir une fixation solide, durable et ultra-performante dans tous les assemblages bois et acier-bois. Grâce à sa tête hexagonale et son filetage de haute précision, elle assure un serrage puissant et un vissage rapide sans pré-perçage, même dans les bois durs. Sa pointe de fraisage et son double filet permettent une pénétration fluide, réduisant l’effort lors du vissage. Le revêtement de cire appliqué en fabrication garantit un couple réduit, une pose plus rapide et un confort d’utilisation optimal. Idéale pour les charpentes, ossatures bois, la vis VBHT est la solution parfaite pour un assemblage professionnel et durable. • Tête hexagonale pour un serrage optimal avec empreinte Torx • Double filet pour un vissage rapide • Pointe de fraisage = pénétration facile • Revêtement de cire = effort réduit • Idéale pour assemblages bois et acier-bois • Convient pour charpente, ossature, terrasse, menuiserie, construction bois • Diamètre : 8 mm • Longueur : 40 à 300 mm • Matière : Acier au carbone zingué • Empreinte : TX40 • Supports : Bois	https://www.vis-a-bois.com/produit/vbht8260	https://lqsbsinycyewdvdtbruy.supabase.co/storage/v1/object/public/product-images/8e90f441-f6a0-42a0-936f-241c5ecaa693/4019e374-9fdb-4842-8e22-6a1f24c15e14-vis-tirefond.webp	in_stock	85.00 EUR		Vis-à-Bois	3660601096511	VBHT8260	new	1732	Tirefond	TRUE
VBHT8280	Vis bois Tirefond VBHT 8,0 x 280 galva	Vis Tirefond VBHT – Tête Hexagonale Zinguée – TX40 | Fixation Bois & Acier-Bois La vis tirefond VBHT est conçue pour offrir une fixation solide, durable et ultra-performante dans tous les assemblages bois et acier-bois. Grâce à sa tête hexagonale et son filetage de haute précision, elle assure un serrage puissant et un vissage rapide sans pré-perçage, même dans les bois durs. Sa pointe de fraisage et son double filet permettent une pénétration fluide, réduisant l’effort lors du vissage. Le revêtement de cire appliqué en fabrication garantit un couple réduit, une pose plus rapide et un confort d’utilisation optimal. Idéale pour les charpentes, ossatures bois, la vis VBHT est la solution parfaite pour un assemblage professionnel et durable. • Tête hexagonale pour un serrage optimal avec empreinte Torx • Double filet pour un vissage rapide • Pointe de fraisage = pénétration facile • Revêtement de cire = effort réduit • Idéale pour assemblages bois et acier-bois • Convient pour charpente, ossature, terrasse, menuiserie, construction bois • Diamètre : 8 mm • Longueur : 40 à 300 mm • Matière : Acier au carbone zingué • Empreinte : TX40 • Supports : Bois	https://www.vis-a-bois.com/produit/vbht8280	https://lqsbsinycyewdvdtbruy.supabase.co/storage/v1/object/public/product-images/8e90f441-f6a0-42a0-936f-241c5ecaa693/4019e374-9fdb-4842-8e22-6a1f24c15e14-vis-tirefond.webp	in_stock	96.00 EUR		Vis-à-Bois	3660601096528	VBHT8280	new	1732	Tirefond	TRUE
VBHT8300	Vis bois Tirefond VBHT 8,0 x 300 galva	Vis Tirefond VBHT – Tête Hexagonale Zinguée – TX40 | Fixation Bois & Acier-Bois La vis tirefond VBHT est conçue pour offrir une fixation solide, durable et ultra-performante dans tous les assemblages bois et acier-bois. Grâce à sa tête hexagonale et son filetage de haute précision, elle assure un serrage puissant et un vissage rapide sans pré-perçage, même dans les bois durs. Sa pointe de fraisage et son double filet permettent une pénétration fluide, réduisant l’effort lors du vissage. Le revêtement de cire appliqué en fabrication garantit un couple réduit, une pose plus rapide et un confort d’utilisation optimal. Idéale pour les charpentes, ossatures bois, la vis VBHT est la solution parfaite pour un assemblage professionnel et durable. • Tête hexagonale pour un serrage optimal avec empreinte Torx • Double filet pour un vissage rapide • Pointe de fraisage = pénétration facile • Revêtement de cire = effort réduit • Idéale pour assemblages bois et acier-bois • Convient pour charpente, ossature, terrasse, menuiserie, construction bois • Diamètre : 8 mm • Longueur : 40 à 300 mm • Matière : Acier au carbone zingué • Empreinte : TX40 • Supports : Bois	https://www.vis-a-bois.com/produit/vbht8300	https://lqsbsinycyewdvdtbruy.supabase.co/storage/v1/object/public/product-images/8e90f441-f6a0-42a0-936f-241c5ecaa693/4019e374-9fdb-4842-8e22-6a1f24c15e14-vis-tirefond.webp	in_stock	104.00 EUR		Vis-à-Bois	3660601096535	VBHT8300	new	1732	Tirefond	TRUE
VBHT8040	Vis bois Tirefond VBHT 8,0 x 40 galva	Vis Tirefond VBHT – Tête Hexagonale Zinguée – TX40 | Fixation Bois & Acier-Bois La vis tirefond VBHT est conçue pour offrir une fixation solide, durable et ultra-performante dans tous les assemblages bois et acier-bois. Grâce à sa tête hexagonale et son filetage de haute précision, elle assure un serrage puissant et un vissage rapide sans pré-perçage, même dans les bois durs. Sa pointe de fraisage et son double filet permettent une pénétration fluide, réduisant l’effort lors du vissage. Le revêtement de cire appliqué en fabrication garantit un couple réduit, une pose plus rapide et un confort d’utilisation optimal. Idéale pour les charpentes, ossatures bois, la vis VBHT est la solution parfaite pour un assemblage professionnel et durable. • Tête hexagonale pour un serrage optimal avec empreinte Torx • Double filet pour un vissage rapide • Pointe de fraisage = pénétration facile • Revêtement de cire = effort réduit • Idéale pour assemblages bois et acier-bois • Convient pour charpente, ossature, terrasse, menuiserie, construction bois • Diamètre : 8 mm • Longueur : 40 à 300 mm • Matière : Acier au carbone zingué • Empreinte : TX40 • Supports : Bois	https://www.vis-a-bois.com/produit/vbht8040	https://lqsbsinycyewdvdtbruy.supabase.co/storage/v1/object/public/product-images/8e90f441-f6a0-42a0-936f-241c5ecaa693/4019e374-9fdb-4842-8e22-6a1f24c15e14-vis-tirefond.webp	in_stock	18.00 EUR		Vis-à-Bois	3660601096382	VBHT8040	new	1732	Tirefond	TRUE
VBHT8050	Vis bois Tirefond VBHT 8,0 x 50 galva	Vis Tirefond VBHT – Tête Hexagonale Zinguée – TX40 | Fixation Bois & Acier-Bois La vis tirefond VBHT est conçue pour offrir une fixation solide, durable et ultra-performante dans tous les assemblages bois et acier-bois. Grâce à sa tête hexagonale et son filetage de haute précision, elle assure un serrage puissant et un vissage rapide sans pré-perçage, même dans les bois durs. Sa pointe de fraisage et son double filet permettent une pénétration fluide, réduisant l’effort lors du vissage. Le revêtement de cire appliqué en fabrication garantit un couple réduit, une pose plus rapide et un confort d’utilisation optimal. Idéale pour les charpentes, ossatures bois, la vis VBHT est la solution parfaite pour un assemblage professionnel et durable. • Tête hexagonale pour un serrage optimal avec empreinte Torx • Double filet pour un vissage rapide • Pointe de fraisage = pénétration facile • Revêtement de cire = effort réduit • Idéale pour assemblages bois et acier-bois • Convient pour charpente, ossature, terrasse, menuiserie, construction bois • Diamètre : 8 mm • Longueur : 40 à 300 mm • Matière : Acier au carbone zingué • Empreinte : TX40 • Supports : Bois	https://www.vis-a-bois.com/produit/vbht8050	https://lqsbsinycyewdvdtbruy.supabase.co/storage/v1/object/public/product-images/8e90f441-f6a0-42a0-936f-241c5ecaa693/4019e374-9fdb-4842-8e22-6a1f24c15e14-vis-tirefond.webp	out_of_stock	20.00 EUR		Vis-à-Bois	3660601096399	VBHT8050	new	1732	Tirefond	TRUE
VBHT8060	Vis bois Tirefond VBHT 8,0 x 60 galva	Vis Tirefond VBHT – Tête Hexagonale Zinguée – TX40 | Fixation Bois & Acier-Bois La vis tirefond VBHT est conçue pour offrir une fixation solide, durable et ultra-performante dans tous les assemblages bois et acier-bois. Grâce à sa tête hexagonale et son filetage de haute précision, elle assure un serrage puissant et un vissage rapide sans pré-perçage, même dans les bois durs. Sa pointe de fraisage et son double filet permettent une pénétration fluide, réduisant l’effort lors du vissage. Le revêtement de cire appliqué en fabrication garantit un couple réduit, une pose plus rapide et un confort d’utilisation optimal. Idéale pour les charpentes, ossatures bois, la vis VBHT est la solution parfaite pour un assemblage professionnel et durable. • Tête hexagonale pour un serrage optimal avec empreinte Torx • Double filet pour un vissage rapide • Pointe de fraisage = pénétration facile • Revêtement de cire = effort réduit • Idéale pour assemblages bois et acier-bois • Convient pour charpente, ossature, terrasse, menuiserie, construction bois • Diamètre : 8 mm • Longueur : 40 à 300 mm • Matière : Acier au carbone zingué • Empreinte : TX40 • Supports : Bois	https://www.vis-a-bois.com/produit/vbht8060	https://lqsbsinycyewdvdtbruy.supabase.co/storage/v1/object/public/product-images/8e90f441-f6a0-42a0-936f-241c5ecaa693/4019e374-9fdb-4842-8e22-6a1f24c15e14-vis-tirefond.webp	in_stock	22.00 EUR		Vis-à-Bois	3660601096405	VBHT8060	new	1732	Tirefond	TRUE
VBHT8070	Vis bois Tirefond VBHT 8,0 x 70 galva	Vis Tirefond VBHT – Tête Hexagonale Zinguée – TX40 | Fixation Bois & Acier-Bois La vis tirefond VBHT est conçue pour offrir une fixation solide, durable et ultra-performante dans tous les assemblages bois et acier-bois. Grâce à sa tête hexagonale et son filetage de haute précision, elle assure un serrage puissant et un vissage rapide sans pré-perçage, même dans les bois durs. Sa pointe de fraisage et son double filet permettent une pénétration fluide, réduisant l’effort lors du vissage. Le revêtement de cire appliqué en fabrication garantit un couple réduit, une pose plus rapide et un confort d’utilisation optimal. Idéale pour les charpentes, ossatures bois, la vis VBHT est la solution parfaite pour un assemblage professionnel et durable. • Tête hexagonale pour un serrage optimal avec empreinte Torx • Double filet pour un vissage rapide • Pointe de fraisage = pénétration facile • Revêtement de cire = effort réduit • Idéale pour assemblages bois et acier-bois • Convient pour charpente, ossature, terrasse, menuiserie, construction bois • Diamètre : 8 mm • Longueur : 40 à 300 mm • Matière : Acier au carbone zingué • Empreinte : TX40 • Supports : Bois	https://www.vis-a-bois.com/produit/vbht8070	https://lqsbsinycyewdvdtbruy.supabase.co/storage/v1/object/public/product-images/8e90f441-f6a0-42a0-936f-241c5ecaa693/4019e374-9fdb-4842-8e22-6a1f24c15e14-vis-tirefond.webp	in_stock	23.00 EUR		Vis-à-Bois	3660601096412	VBHT8070	new	1732	Tirefond	TRUE
VBHT8080	Vis bois Tirefond VBHT 8,0 x 80 galva	Vis Tirefond VBHT – Tête Hexagonale Zinguée – TX40 | Fixation Bois & Acier-Bois La vis tirefond VBHT est conçue pour offrir une fixation solide, durable et ultra-performante dans tous les assemblages bois et acier-bois. Grâce à sa tête hexagonale et son filetage de haute précision, elle assure un serrage puissant et un vissage rapide sans pré-perçage, même dans les bois durs. Sa pointe de fraisage et son double filet permettent une pénétration fluide, réduisant l’effort lors du vissage. Le revêtement de cire appliqué en fabrication garantit un couple réduit, une pose plus rapide et un confort d’utilisation optimal. Idéale pour les charpentes, ossatures bois, la vis VBHT est la solution parfaite pour un assemblage professionnel et durable. • Tête hexagonale pour un serrage optimal avec empreinte Torx • Double filet pour un vissage rapide • Pointe de fraisage = pénétration facile • Revêtement de cire = effort réduit • Idéale pour assemblages bois et acier-bois • Convient pour charpente, ossature, terrasse, menuiserie, construction bois • Diamètre : 8 mm • Longueur : 40 à 300 mm • Matière : Acier au carbone zingué • Empreinte : TX40 • Supports : Bois	https://www.vis-a-bois.com/produit/vbht8080	https://lqsbsinycyewdvdtbruy.supabase.co/storage/v1/object/public/product-images/8e90f441-f6a0-42a0-936f-241c5ecaa693/4019e374-9fdb-4842-8e22-6a1f24c15e14-vis-tirefond.webp	in_stock	24.00 EUR		Vis-à-Bois	3660601096429	VBHT8080	new	1732	Tirefond	TRUE
VBF10120	Vis bois VBF 10,0 x 120 galva+	Vis VBF pour bois – Acier carbone galvanisé bleu | Haute résistance & vissage facile La vis VBF en acier au carbone galvanisé est spécialement conçue pour les travaux de construction en bois. Elle offre un vissage rapide, propre et sans effort, grâce à sa pointe spécifique et à ses nervures de fraisage qui réduisent le couple et limitent le risque de fissuration du bois. Avantages de la vis Tête fraisée 90° avec nervures de fraisage pour un vissage affleurant et professionnel • Pointe spéciale pour bois, garantissant une pénétration rapide et précise • Empreinte TX antidérapante, évite le ripage et améliore le confort de vissage • Filetage partiel flottant, réduisant fortement l’effort lors de l’assemblage • Adaptée aux classes d’utilisation 1 et 2 (norme DIN EN 1995 – Eurocode 5) • Excellente résistance mécanique pour structures, charpentes et menuiseries • Certification ATE : qualité et performance garanties Pourquoi choisir nos vis VBF ? Fiables, durables et faciles à utiliser, les vis VBF sont idéales pour tous les projets de charpente, ossature bois, menuiserie ou assemblages exigeant solidité et précision.	https://www.vis-a-bois.com/produit/vbf10120	https://lqsbsinycyewdvdtbruy.supabase.co/storage/v1/object/public/product-images/8e90f441-f6a0-42a0-936f-241c5ecaa693/b9187ae6-e942-4894-8206-22018afaaa9f-vis-vbf.jpg	out_of_stock	42.00 EUR		Vis-à-Bois	3660601028864	VBF10120	new	1732	Vis de charpente	TRUE
VBF10140	Vis bois VBF 10,0 x 140 galva+	Vis VBF pour bois – Acier carbone galvanisé bleu | Haute résistance & vissage facile La vis VBF en acier au carbone galvanisé est spécialement conçue pour les travaux de construction en bois. Elle offre un vissage rapide, propre et sans effort, grâce à sa pointe spécifique et à ses nervures de fraisage qui réduisent le couple et limitent le risque de fissuration du bois. Avantages de la vis Tête fraisée 90° avec nervures de fraisage pour un vissage affleurant et professionnel • Pointe spéciale pour bois, garantissant une pénétration rapide et précise • Empreinte TX antidérapante, évite le ripage et améliore le confort de vissage • Filetage partiel flottant, réduisant fortement l’effort lors de l’assemblage • Adaptée aux classes d’utilisation 1 et 2 (norme DIN EN 1995 – Eurocode 5) • Excellente résistance mécanique pour structures, charpentes et menuiseries • Certification ATE : qualité et performance garanties Pourquoi choisir nos vis VBF ? Fiables, durables et faciles à utiliser, les vis VBF sont idéales pour tous les projets de charpente, ossature bois, menuiserie ou assemblages exigeant solidité et précision.	https://www.vis-a-bois.com/produit/vbf10140	https://lqsbsinycyewdvdtbruy.supabase.co/storage/v1/object/public/product-images/8e90f441-f6a0-42a0-936f-241c5ecaa693/b9187ae6-e942-4894-8206-22018afaaa9f-vis-vbf.jpg	out_of_stock	48.00 EUR		Vis-à-Bois	3660601028871	VBF10140	new	1732	Vis de charpente	TRUE
VBF10160	Vis bois VBF 10,0 x 160 galva+	Vis VBF pour bois – Acier carbone galvanisé bleu | Haute résistance & vissage facile La vis VBF en acier au carbone galvanisé est spécialement conçue pour les travaux de construction en bois. Elle offre un vissage rapide, propre et sans effort, grâce à sa pointe spécifique et à ses nervures de fraisage qui réduisent le couple et limitent le risque de fissuration du bois. Avantages de la vis Tête fraisée 90° avec nervures de fraisage pour un vissage affleurant et professionnel • Pointe spéciale pour bois, garantissant une pénétration rapide et précise • Empreinte TX antidérapante, évite le ripage et améliore le confort de vissage • Filetage partiel flottant, réduisant fortement l’effort lors de l’assemblage • Adaptée aux classes d’utilisation 1 et 2 (norme DIN EN 1995 – Eurocode 5) • Excellente résistance mécanique pour structures, charpentes et menuiseries • Certification ATE : qualité et performance garanties Pourquoi choisir nos vis VBF ? Fiables, durables et faciles à utiliser, les vis VBF sont idéales pour tous les projets de charpente, ossature bois, menuiserie ou assemblages exigeant solidité et précision.	https://www.vis-a-bois.com/produit/vbf10160	https://lqsbsinycyewdvdtbruy.supabase.co/storage/v1/object/public/product-images/8e90f441-f6a0-42a0-936f-241c5ecaa693/b9187ae6-e942-4894-8206-22018afaaa9f-vis-vbf.jpg	out_of_stock	57.00 EUR		Vis-à-Bois	3660601028888	VBF10160	new	1732	Vis de charpente	TRUE
VBF10180	Vis bois VBF 10,0 x 180 galva+	Vis VBF pour bois – Acier carbone galvanisé bleu | Haute résistance & vissage facile La vis VBF en acier au carbone galvanisé est spécialement conçue pour les travaux de construction en bois. Elle offre un vissage rapide, propre et sans effort, grâce à sa pointe spécifique et à ses nervures de fraisage qui réduisent le couple et limitent le risque de fissuration du bois. Avantages de la vis Tête fraisée 90° avec nervures de fraisage pour un vissage affleurant et professionnel • Pointe spéciale pour bois, garantissant une pénétration rapide et précise • Empreinte TX antidérapante, évite le ripage et améliore le confort de vissage • Filetage partiel flottant, réduisant fortement l’effort lors de l’assemblage • Adaptée aux classes d’utilisation 1 et 2 (norme DIN EN 1995 – Eurocode 5) • Excellente résistance mécanique pour structures, charpentes et menuiseries • Certification ATE : qualité et performance garanties Pourquoi choisir nos vis VBF ? Fiables, durables et faciles à utiliser, les vis VBF sont idéales pour tous les projets de charpente, ossature bois, menuiserie ou assemblages exigeant solidité et précision.	https://www.vis-a-bois.com/produit/vbf10180	https://lqsbsinycyewdvdtbruy.supabase.co/storage/v1/object/public/product-images/8e90f441-f6a0-42a0-936f-241c5ecaa693/b9187ae6-e942-4894-8206-22018afaaa9f-vis-vbf.jpg	in_stock	72.00 EUR		Vis-à-Bois	3660601028895	VBF10180	new	1732	Vis de charpente	TRUE
VBF10200	Vis bois VBF 10,0 x 200 galva+	Vis VBF pour bois – Acier carbone galvanisé bleu | Haute résistance & vissage facile La vis VBF en acier au carbone galvanisé est spécialement conçue pour les travaux de construction en bois. Elle offre un vissage rapide, propre et sans effort, grâce à sa pointe spécifique et à ses nervures de fraisage qui réduisent le couple et limitent le risque de fissuration du bois. Avantages de la vis Tête fraisée 90° avec nervures de fraisage pour un vissage affleurant et professionnel • Pointe spéciale pour bois, garantissant une pénétration rapide et précise • Empreinte TX antidérapante, évite le ripage et améliore le confort de vissage • Filetage partiel flottant, réduisant fortement l’effort lors de l’assemblage • Adaptée aux classes d’utilisation 1 et 2 (norme DIN EN 1995 – Eurocode 5) • Excellente résistance mécanique pour structures, charpentes et menuiseries • Certification ATE : qualité et performance garanties Pourquoi choisir nos vis VBF ? Fiables, durables et faciles à utiliser, les vis VBF sont idéales pour tous les projets de charpente, ossature bois, menuiserie ou assemblages exigeant solidité et précision.	https://www.vis-a-bois.com/produit/vbf10200	https://lqsbsinycyewdvdtbruy.supabase.co/storage/v1/object/public/product-images/8e90f441-f6a0-42a0-936f-241c5ecaa693/b9187ae6-e942-4894-8206-22018afaaa9f-vis-vbf.jpg	in_stock	83.00 EUR		Vis-à-Bois	3660601028901	VBF10200	new	1732	Vis de charpente	TRUE
VBF10220	Vis bois VBF 10,0 x 220 galva+	Vis VBF pour bois – Acier carbone galvanisé bleu | Haute résistance & vissage facile La vis VBF en acier au carbone galvanisé est spécialement conçue pour les travaux de construction en bois. Elle offre un vissage rapide, propre et sans effort, grâce à sa pointe spécifique et à ses nervures de fraisage qui réduisent le couple et limitent le risque de fissuration du bois. Avantages de la vis Tête fraisée 90° avec nervures de fraisage pour un vissage affleurant et professionnel • Pointe spéciale pour bois, garantissant une pénétration rapide et précise • Empreinte TX antidérapante, évite le ripage et améliore le confort de vissage • Filetage partiel flottant, réduisant fortement l’effort lors de l’assemblage • Adaptée aux classes d’utilisation 1 et 2 (norme DIN EN 1995 – Eurocode 5) • Excellente résistance mécanique pour structures, charpentes et menuiseries • Certification ATE : qualité et performance garanties Pourquoi choisir nos vis VBF ? Fiables, durables et faciles à utiliser, les vis VBF sont idéales pour tous les projets de charpente, ossature bois, menuiserie ou assemblages exigeant solidité et précision.	https://www.vis-a-bois.com/produit/vbf10220	https://lqsbsinycyewdvdtbruy.supabase.co/storage/v1/object/public/product-images/8e90f441-f6a0-42a0-936f-241c5ecaa693/b9187ae6-e942-4894-8206-22018afaaa9f-vis-vbf.jpg	in_stock	93.00 EUR		Vis-à-Bois	3660601028918	VBF10220	new	1732	Vis de charpente	TRUE
VBF10240	Vis bois VBF 10,0 x 240 galva+	Vis VBF pour bois – Acier carbone galvanisé bleu | Haute résistance & vissage facile La vis VBF en acier au carbone galvanisé est spécialement conçue pour les travaux de construction en bois. Elle offre un vissage rapide, propre et sans effort, grâce à sa pointe spécifique et à ses nervures de fraisage qui réduisent le couple et limitent le risque de fissuration du bois. Avantages de la vis Tête fraisée 90° avec nervures de fraisage pour un vissage affleurant et professionnel • Pointe spéciale pour bois, garantissant une pénétration rapide et précise • Empreinte TX antidérapante, évite le ripage et améliore le confort de vissage • Filetage partiel flottant, réduisant fortement l’effort lors de l’assemblage • Adaptée aux classes d’utilisation 1 et 2 (norme DIN EN 1995 – Eurocode 5) • Excellente résistance mécanique pour structures, charpentes et menuiseries • Certification ATE : qualité et performance garanties Pourquoi choisir nos vis VBF ? Fiables, durables et faciles à utiliser, les vis VBF sont idéales pour tous les projets de charpente, ossature bois, menuiserie ou assemblages exigeant solidité et précision.	https://www.vis-a-bois.com/produit/vbf10240	https://lqsbsinycyewdvdtbruy.supabase.co/storage/v1/object/public/product-images/8e90f441-f6a0-42a0-936f-241c5ecaa693/b9187ae6-e942-4894-8206-22018afaaa9f-vis-vbf.jpg	in_stock	105.00 EUR		Vis-à-Bois	3660601028925	VBF10240	new	1732	Vis de charpente	TRUE
VBF10260	Vis bois VBF 10,0 x 260 galva+	Vis VBF pour bois – Acier carbone galvanisé bleu | Haute résistance & vissage facile La vis VBF en acier au carbone galvanisé est spécialement conçue pour les travaux de construction en bois. Elle offre un vissage rapide, propre et sans effort, grâce à sa pointe spécifique et à ses nervures de fraisage qui réduisent le couple et limitent le risque de fissuration du bois. Avantages de la vis Tête fraisée 90° avec nervures de fraisage pour un vissage affleurant et professionnel • Pointe spéciale pour bois, garantissant une pénétration rapide et précise • Empreinte TX antidérapante, évite le ripage et améliore le confort de vissage • Filetage partiel flottant, réduisant fortement l’effort lors de l’assemblage • Adaptée aux classes d’utilisation 1 et 2 (norme DIN EN 1995 – Eurocode 5) • Excellente résistance mécanique pour structures, charpentes et menuiseries • Certification ATE : qualité et performance garanties Pourquoi choisir nos vis VBF ? Fiables, durables et faciles à utiliser, les vis VBF sont idéales pour tous les projets de charpente, ossature bois, menuiserie ou assemblages exigeant solidité et précision.	https://www.vis-a-bois.com/produit/vbf10260	https://lqsbsinycyewdvdtbruy.supabase.co/storage/v1/object/public/product-images/8e90f441-f6a0-42a0-936f-241c5ecaa693/b9187ae6-e942-4894-8206-22018afaaa9f-vis-vbf.jpg	in_stock	116.00 EUR		Vis-à-Bois	3660601028932	VBF10260	new	1732	Vis de charpente	TRUE
VBF10280	Vis bois VBF 10,0 x 280 galva+	Vis VBF pour bois – Acier carbone galvanisé bleu | Haute résistance & vissage facile La vis VBF en acier au carbone galvanisé est spécialement conçue pour les travaux de construction en bois. Elle offre un vissage rapide, propre et sans effort, grâce à sa pointe spécifique et à ses nervures de fraisage qui réduisent le couple et limitent le risque de fissuration du bois. Avantages de la vis Tête fraisée 90° avec nervures de fraisage pour un vissage affleurant et professionnel • Pointe spéciale pour bois, garantissant une pénétration rapide et précise • Empreinte TX antidérapante, évite le ripage et améliore le confort de vissage • Filetage partiel flottant, réduisant fortement l’effort lors de l’assemblage • Adaptée aux classes d’utilisation 1 et 2 (norme DIN EN 1995 – Eurocode 5) • Excellente résistance mécanique pour structures, charpentes et menuiseries • Certification ATE : qualité et performance garanties Pourquoi choisir nos vis VBF ? Fiables, durables et faciles à utiliser, les vis VBF sont idéales pour tous les projets de charpente, ossature bois, menuiserie ou assemblages exigeant solidité et précision.	https://www.vis-a-bois.com/produit/vbf10280	https://lqsbsinycyewdvdtbruy.supabase.co/storage/v1/object/public/product-images/8e90f441-f6a0-42a0-936f-241c5ecaa693/b9187ae6-e942-4894-8206-22018afaaa9f-vis-vbf.jpg	in_stock	130.00 EUR		Vis-à-Bois	3660601028949	VBF10280	new	1732	Vis de charpente	TRUE
VBF10300	Vis bois VBF 10,0 x 300 galva+	Vis VBF pour bois – Acier carbone galvanisé bleu | Haute résistance & vissage facile La vis VBF en acier au carbone galvanisé est spécialement conçue pour les travaux de construction en bois. Elle offre un vissage rapide, propre et sans effort, grâce à sa pointe spécifique et à ses nervures de fraisage qui réduisent le couple et limitent le risque de fissuration du bois. Avantages de la vis Tête fraisée 90° avec nervures de fraisage pour un vissage affleurant et professionnel • Pointe spéciale pour bois, garantissant une pénétration rapide et précise • Empreinte TX antidérapante, évite le ripage et améliore le confort de vissage • Filetage partiel flottant, réduisant fortement l’effort lors de l’assemblage • Adaptée aux classes d’utilisation 1 et 2 (norme DIN EN 1995 – Eurocode 5) • Excellente résistance mécanique pour structures, charpentes et menuiseries • Certification ATE : qualité et performance garanties Pourquoi choisir nos vis VBF ? Fiables, durables et faciles à utiliser, les vis VBF sont idéales pour tous les projets de charpente, ossature bois, menuiserie ou assemblages exigeant solidité et précision.	https://www.vis-a-bois.com/produit/vbf10300	https://lqsbsinycyewdvdtbruy.supabase.co/storage/v1/object/public/product-images/8e90f441-f6a0-42a0-936f-241c5ecaa693/b9187ae6-e942-4894-8206-22018afaaa9f-vis-vbf.jpg	in_stock	149.00 EUR		Vis-à-Bois	3660601028956	VBF10300	new	1732	Vis de charpente	TRUE
VBF10320	Vis bois VBF 10,0 x 320 galva+	Vis VBF pour bois – Acier carbone galvanisé bleu | Haute résistance & vissage facile La vis VBF en acier au carbone galvanisé est spécialement conçue pour les travaux de construction en bois. Elle offre un vissage rapide, propre et sans effort, grâce à sa pointe spécifique et à ses nervures de fraisage qui réduisent le couple et limitent le risque de fissuration du bois. Avantages de la vis Tête fraisée 90° avec nervures de fraisage pour un vissage affleurant et professionnel • Pointe spéciale pour bois, garantissant une pénétration rapide et précise • Empreinte TX antidérapante, évite le ripage et améliore le confort de vissage • Filetage partiel flottant, réduisant fortement l’effort lors de l’assemblage • Adaptée aux classes d’utilisation 1 et 2 (norme DIN EN 1995 – Eurocode 5) • Excellente résistance mécanique pour structures, charpentes et menuiseries • Certification ATE : qualité et performance garanties Pourquoi choisir nos vis VBF ? Fiables, durables et faciles à utiliser, les vis VBF sont idéales pour tous les projets de charpente, ossature bois, menuiserie ou assemblages exigeant solidité et précision.	https://www.vis-a-bois.com/produit/vbf10320	https://lqsbsinycyewdvdtbruy.supabase.co/storage/v1/object/public/product-images/8e90f441-f6a0-42a0-936f-241c5ecaa693/b9187ae6-e942-4894-8206-22018afaaa9f-vis-vbf.jpg	in_stock	176.00 EUR		Vis-à-Bois	3660601028963	VBF10320	new	1732	Vis de charpente	TRUE
VBF10340	Vis bois VBF 10,0 x 340 galva+	Vis VBF pour bois – Acier carbone galvanisé bleu | Haute résistance & vissage facile La vis VBF en acier au carbone galvanisé est spécialement conçue pour les travaux de construction en bois. Elle offre un vissage rapide, propre et sans effort, grâce à sa pointe spécifique et à ses nervures de fraisage qui réduisent le couple et limitent le risque de fissuration du bois. Avantages de la vis Tête fraisée 90° avec nervures de fraisage pour un vissage affleurant et professionnel • Pointe spéciale pour bois, garantissant une pénétration rapide et précise • Empreinte TX antidérapante, évite le ripage et améliore le confort de vissage • Filetage partiel flottant, réduisant fortement l’effort lors de l’assemblage • Adaptée aux classes d’utilisation 1 et 2 (norme DIN EN 1995 – Eurocode 5) • Excellente résistance mécanique pour structures, charpentes et menuiseries • Certification ATE : qualité et performance garanties Pourquoi choisir nos vis VBF ? Fiables, durables et faciles à utiliser, les vis VBF sont idéales pour tous les projets de charpente, ossature bois, menuiserie ou assemblages exigeant solidité et précision.	https://www.vis-a-bois.com/produit/vbf10340	https://lqsbsinycyewdvdtbruy.supabase.co/storage/v1/object/public/product-images/8e90f441-f6a0-42a0-936f-241c5ecaa693/b9187ae6-e942-4894-8206-22018afaaa9f-vis-vbf.jpg	in_stock	180.00 EUR		Vis-à-Bois	3660601028970	VBF10340	new	1732	Vis de charpente	TRUE
VBF10360	Vis bois VBF 10,0 x 360 galva+	Vis VBF pour bois – Acier carbone galvanisé bleu | Haute résistance & vissage facile La vis VBF en acier au carbone galvanisé est spécialement conçue pour les travaux de construction en bois. Elle offre un vissage rapide, propre et sans effort, grâce à sa pointe spécifique et à ses nervures de fraisage qui réduisent le couple et limitent le risque de fissuration du bois. Avantages de la vis Tête fraisée 90° avec nervures de fraisage pour un vissage affleurant et professionnel • Pointe spéciale pour bois, garantissant une pénétration rapide et précise • Empreinte TX antidérapante, évite le ripage et améliore le confort de vissage • Filetage partiel flottant, réduisant fortement l’effort lors de l’assemblage • Adaptée aux classes d’utilisation 1 et 2 (norme DIN EN 1995 – Eurocode 5) • Excellente résistance mécanique pour structures, charpentes et menuiseries • Certification ATE : qualité et performance garanties Pourquoi choisir nos vis VBF ? Fiables, durables et faciles à utiliser, les vis VBF sont idéales pour tous les projets de charpente, ossature bois, menuiserie ou assemblages exigeant solidité et précision.	https://www.vis-a-bois.com/produit/vbf10360	https://lqsbsinycyewdvdtbruy.supabase.co/storage/v1/object/public/product-images/8e90f441-f6a0-42a0-936f-241c5ecaa693/b9187ae6-e942-4894-8206-22018afaaa9f-vis-vbf.jpg	in_stock	218.00 EUR		Vis-à-Bois	3660601028987	VBF10360	new	1732	Vis de charpente	TRUE
VBF10380	Vis bois VBF 10,0 x 380 galva+	Vis VBF pour bois – Acier carbone galvanisé bleu | Haute résistance & vissage facile La vis VBF en acier au carbone galvanisé est spécialement conçue pour les travaux de construction en bois. Elle offre un vissage rapide, propre et sans effort, grâce à sa pointe spécifique et à ses nervures de fraisage qui réduisent le couple et limitent le risque de fissuration du bois. Avantages de la vis Tête fraisée 90° avec nervures de fraisage pour un vissage affleurant et professionnel • Pointe spéciale pour bois, garantissant une pénétration rapide et précise • Empreinte TX antidérapante, évite le ripage et améliore le confort de vissage • Filetage partiel flottant, réduisant fortement l’effort lors de l’assemblage • Adaptée aux classes d’utilisation 1 et 2 (norme DIN EN 1995 – Eurocode 5) • Excellente résistance mécanique pour structures, charpentes et menuiseries • Certification ATE : qualité et performance garanties Pourquoi choisir nos vis VBF ? Fiables, durables et faciles à utiliser, les vis VBF sont idéales pour tous les projets de charpente, ossature bois, menuiserie ou assemblages exigeant solidité et précision.	https://www.vis-a-bois.com/produit/vbf10380	https://lqsbsinycyewdvdtbruy.supabase.co/storage/v1/object/public/product-images/8e90f441-f6a0-42a0-936f-241c5ecaa693/b9187ae6-e942-4894-8206-22018afaaa9f-vis-vbf.jpg	in_stock	225.00 EUR		Vis-à-Bois	3660601028994	VBF10380	new	1732	Vis de charpente	TRUE
VBF10400	Vis bois VBF 10,0 x 400 galva+	Vis VBF pour bois – Acier carbone galvanisé bleu | Haute résistance & vissage facile La vis VBF en acier au carbone galvanisé est spécialement conçue pour les travaux de construction en bois. Elle offre un vissage rapide, propre et sans effort, grâce à sa pointe spécifique et à ses nervures de fraisage qui réduisent le couple et limitent le risque de fissuration du bois. Avantages de la vis Tête fraisée 90° avec nervures de fraisage pour un vissage affleurant et professionnel • Pointe spéciale pour bois, garantissant une pénétration rapide et précise • Empreinte TX antidérapante, évite le ripage et améliore le confort de vissage • Filetage partiel flottant, réduisant fortement l’effort lors de l’assemblage • Adaptée aux classes d’utilisation 1 et 2 (norme DIN EN 1995 – Eurocode 5) • Excellente résistance mécanique pour structures, charpentes et menuiseries • Certification ATE : qualité et performance garanties Pourquoi choisir nos vis VBF ? Fiables, durables et faciles à utiliser, les vis VBF sont idéales pour tous les projets de charpente, ossature bois, menuiserie ou assemblages exigeant solidité et précision.	https://www.vis-a-bois.com/produit/vbf10400	https://lqsbsinycyewdvdtbruy.supabase.co/storage/v1/object/public/product-images/8e90f441-f6a0-42a0-936f-241c5ecaa693/b9187ae6-e942-4894-8206-22018afaaa9f-vis-vbf.jpg	in_stock	234.00 EUR		Vis-à-Bois	3660601029007	VBF10400	new	1732	Vis de charpente	TRUE
VBF30013	Vis bois VBF 3,0 x 13 galva rés.	Vis VBF pour bois – Acier carbone galvanisé bleu | Haute résistance & vissage facile La vis VBF en acier au carbone galvanisé est spécialement conçue pour les travaux de construction en bois. Elle offre un vissage rapide, propre et sans effort, grâce à sa pointe spécifique et à ses nervures de fraisage qui réduisent le couple et limitent le risque de fissuration du bois. Avantages de la vis Tête fraisée 90° avec nervures de fraisage pour un vissage affleurant et professionnel • Pointe spéciale pour bois, garantissant une pénétration rapide et précise • Empreinte TX antidérapante, évite le ripage et améliore le confort de vissage • Filetage partiel flottant, réduisant fortement l’effort lors de l’assemblage • Adaptée aux classes d’utilisation 1 et 2 (norme DIN EN 1995 – Eurocode 5) • Excellente résistance mécanique pour structures, charpentes et menuiseries • Certification ATE : qualité et performance garanties Pourquoi choisir nos vis VBF ? Fiables, durables et faciles à utiliser, les vis VBF sont idéales pour tous les projets de charpente, ossature bois, menuiserie ou assemblages exigeant solidité et précision.	https://www.vis-a-bois.com/produit/vbf30013	https://lqsbsinycyewdvdtbruy.supabase.co/storage/v1/object/public/product-images/8e90f441-f6a0-42a0-936f-241c5ecaa693/b9187ae6-e942-4894-8206-22018afaaa9f-vis-vbf.jpg	out_of_stock	15.00 EUR		Vis-à-Bois	3660601042600	VBF30013	new	1732	Vis menuiserie	TRUE
VBF30015	Vis bois VBF 3,0 x 15 galva rés.	Vis VBF pour bois – Acier carbone galvanisé bleu | Haute résistance & vissage facile La vis VBF en acier au carbone galvanisé est spécialement conçue pour les travaux de construction en bois. Elle offre un vissage rapide, propre et sans effort, grâce à sa pointe spécifique et à ses nervures de fraisage qui réduisent le couple et limitent le risque de fissuration du bois. Avantages de la vis Tête fraisée 90° avec nervures de fraisage pour un vissage affleurant et professionnel • Pointe spéciale pour bois, garantissant une pénétration rapide et précise • Empreinte TX antidérapante, évite le ripage et améliore le confort de vissage • Filetage partiel flottant, réduisant fortement l’effort lors de l’assemblage • Adaptée aux classes d’utilisation 1 et 2 (norme DIN EN 1995 – Eurocode 5) • Excellente résistance mécanique pour structures, charpentes et menuiseries • Certification ATE : qualité et performance garanties Pourquoi choisir nos vis VBF ? Fiables, durables et faciles à utiliser, les vis VBF sont idéales pour tous les projets de charpente, ossature bois, menuiserie ou assemblages exigeant solidité et précision.	https://www.vis-a-bois.com/produit/vbf30015	https://lqsbsinycyewdvdtbruy.supabase.co/storage/v1/object/public/product-images/8e90f441-f6a0-42a0-936f-241c5ecaa693/b9187ae6-e942-4894-8206-22018afaaa9f-vis-vbf.jpg	in_stock	16.00 EUR		Vis-à-Bois	3660601042617	VBF30015	new	1732	Vis menuiserie	TRUE
VBF30020	Vis bois VBF 3,0 x 20 galva rés.	Vis VBF pour bois – Acier carbone galvanisé bleu | Haute résistance & vissage facile La vis VBF en acier au carbone galvanisé est spécialement conçue pour les travaux de construction en bois. Elle offre un vissage rapide, propre et sans effort, grâce à sa pointe spécifique et à ses nervures de fraisage qui réduisent le couple et limitent le risque de fissuration du bois. Avantages de la vis Tête fraisée 90° avec nervures de fraisage pour un vissage affleurant et professionnel • Pointe spéciale pour bois, garantissant une pénétration rapide et précise • Empreinte TX antidérapante, évite le ripage et améliore le confort de vissage • Filetage partiel flottant, réduisant fortement l’effort lors de l’assemblage • Adaptée aux classes d’utilisation 1 et 2 (norme DIN EN 1995 – Eurocode 5) • Excellente résistance mécanique pour structures, charpentes et menuiseries • Certification ATE : qualité et performance garanties Pourquoi choisir nos vis VBF ? Fiables, durables et faciles à utiliser, les vis VBF sont idéales pour tous les projets de charpente, ossature bois, menuiserie ou assemblages exigeant solidité et précision.	https://www.vis-a-bois.com/produit/vbf30020	https://lqsbsinycyewdvdtbruy.supabase.co/storage/v1/object/public/product-images/8e90f441-f6a0-42a0-936f-241c5ecaa693/b9187ae6-e942-4894-8206-22018afaaa9f-vis-vbf.jpg	in_stock	16.00 EUR		Vis-à-Bois	3660601028284	VBF30020	new	1732	Vis menuiserie	TRUE
VBF30025	Vis bois VBF 3,0 x 25 galva rés.	Vis VBF pour bois – Acier carbone galvanisé bleu | Haute résistance & vissage facile La vis VBF en acier au carbone galvanisé est spécialement conçue pour les travaux de construction en bois. Elle offre un vissage rapide, propre et sans effort, grâce à sa pointe spécifique et à ses nervures de fraisage qui réduisent le couple et limitent le risque de fissuration du bois. Avantages de la vis Tête fraisée 90° avec nervures de fraisage pour un vissage affleurant et professionnel • Pointe spéciale pour bois, garantissant une pénétration rapide et précise • Empreinte TX antidérapante, évite le ripage et améliore le confort de vissage • Filetage partiel flottant, réduisant fortement l’effort lors de l’assemblage • Adaptée aux classes d’utilisation 1 et 2 (norme DIN EN 1995 – Eurocode 5) • Excellente résistance mécanique pour structures, charpentes et menuiseries • Certification ATE : qualité et performance garanties Pourquoi choisir nos vis VBF ? Fiables, durables et faciles à utiliser, les vis VBF sont idéales pour tous les projets de charpente, ossature bois, menuiserie ou assemblages exigeant solidité et précision.	https://www.vis-a-bois.com/produit/vbf30025	https://lqsbsinycyewdvdtbruy.supabase.co/storage/v1/object/public/product-images/8e90f441-f6a0-42a0-936f-241c5ecaa693/b9187ae6-e942-4894-8206-22018afaaa9f-vis-vbf.jpg	in_stock	18.00 EUR		Vis-à-Bois	3660601028277	VBF30025	new	1732	Vis menuiserie	TRUE
VBF30030	Vis bois VBF 3,0 x 30 galva rés.	Vis VBF pour bois – Acier carbone galvanisé bleu | Haute résistance & vissage facile La vis VBF en acier au carbone galvanisé est spécialement conçue pour les travaux de construction en bois. Elle offre un vissage rapide, propre et sans effort, grâce à sa pointe spécifique et à ses nervures de fraisage qui réduisent le couple et limitent le risque de fissuration du bois. Avantages de la vis Tête fraisée 90° avec nervures de fraisage pour un vissage affleurant et professionnel • Pointe spéciale pour bois, garantissant une pénétration rapide et précise • Empreinte TX antidérapante, évite le ripage et améliore le confort de vissage • Filetage partiel flottant, réduisant fortement l’effort lors de l’assemblage • Adaptée aux classes d’utilisation 1 et 2 (norme DIN EN 1995 – Eurocode 5) • Excellente résistance mécanique pour structures, charpentes et menuiseries • Certification ATE : qualité et performance garanties Pourquoi choisir nos vis VBF ? Fiables, durables et faciles à utiliser, les vis VBF sont idéales pour tous les projets de charpente, ossature bois, menuiserie ou assemblages exigeant solidité et précision.	https://www.vis-a-bois.com/produit/vbf30030	https://lqsbsinycyewdvdtbruy.supabase.co/storage/v1/object/public/product-images/8e90f441-f6a0-42a0-936f-241c5ecaa693/b9187ae6-e942-4894-8206-22018afaaa9f-vis-vbf.jpg	in_stock	20.00 EUR		Vis-à-Bois	3660601028291	VBF30030	new	1732	Vis menuiserie	TRUE
VBF30040	Vis bois VBF 3,0 x 40 galva rés.	Vis VBF pour bois – Acier carbone galvanisé bleu | Haute résistance & vissage facile La vis VBF en acier au carbone galvanisé est spécialement conçue pour les travaux de construction en bois. Elle offre un vissage rapide, propre et sans effort, grâce à sa pointe spécifique et à ses nervures de fraisage qui réduisent le couple et limitent le risque de fissuration du bois. Avantages de la vis Tête fraisée 90° avec nervures de fraisage pour un vissage affleurant et professionnel • Pointe spéciale pour bois, garantissant une pénétration rapide et précise • Empreinte TX antidérapante, évite le ripage et améliore le confort de vissage • Filetage partiel flottant, réduisant fortement l’effort lors de l’assemblage • Adaptée aux classes d’utilisation 1 et 2 (norme DIN EN 1995 – Eurocode 5) • Excellente résistance mécanique pour structures, charpentes et menuiseries • Certification ATE : qualité et performance garanties Pourquoi choisir nos vis VBF ? Fiables, durables et faciles à utiliser, les vis VBF sont idéales pour tous les projets de charpente, ossature bois, menuiserie ou assemblages exigeant solidité et précision.	https://www.vis-a-bois.com/produit/vbf30040	https://lqsbsinycyewdvdtbruy.supabase.co/storage/v1/object/public/product-images/8e90f441-f6a0-42a0-936f-241c5ecaa693/b9187ae6-e942-4894-8206-22018afaaa9f-vis-vbf.jpg	in_stock	23.00 EUR		Vis-à-Bois	3660601028307	VBF30040	new	1732	Vis menuiserie	TRUE
VBF35025	Vis bois VBF 3,5 x 25 galva rés.	Vis VBF pour bois – Acier carbone galvanisé bleu | Haute résistance & vissage facile La vis VBF en acier au carbone galvanisé est spécialement conçue pour les travaux de construction en bois. Elle offre un vissage rapide, propre et sans effort, grâce à sa pointe spécifique et à ses nervures de fraisage qui réduisent le couple et limitent le risque de fissuration du bois. Avantages de la vis Tête fraisée 90° avec nervures de fraisage pour un vissage affleurant et professionnel • Pointe spéciale pour bois, garantissant une pénétration rapide et précise • Empreinte TX antidérapante, évite le ripage et améliore le confort de vissage • Filetage partiel flottant, réduisant fortement l’effort lors de l’assemblage • Adaptée aux classes d’utilisation 1 et 2 (norme DIN EN 1995 – Eurocode 5) • Excellente résistance mécanique pour structures, charpentes et menuiseries • Certification ATE : qualité et performance garanties Pourquoi choisir nos vis VBF ? Fiables, durables et faciles à utiliser, les vis VBF sont idéales pour tous les projets de charpente, ossature bois, menuiserie ou assemblages exigeant solidité et précision.	https://www.vis-a-bois.com/produit/vbf35025	https://lqsbsinycyewdvdtbruy.supabase.co/storage/v1/object/public/product-images/8e90f441-f6a0-42a0-936f-241c5ecaa693/b9187ae6-e942-4894-8206-22018afaaa9f-vis-vbf.jpg	in_stock	23.00 EUR		Vis-à-Bois	3660601028314	VBF35025	new	1732	Vis menuiserie	TRUE
VBF35030	Vis bois VBF 3,5 x 30 galva rés.	Vis VBF pour bois – Acier carbone galvanisé bleu | Haute résistance & vissage facile La vis VBF en acier au carbone galvanisé est spécialement conçue pour les travaux de construction en bois. Elle offre un vissage rapide, propre et sans effort, grâce à sa pointe spécifique et à ses nervures de fraisage qui réduisent le couple et limitent le risque de fissuration du bois. Avantages de la vis Tête fraisée 90° avec nervures de fraisage pour un vissage affleurant et professionnel • Pointe spéciale pour bois, garantissant une pénétration rapide et précise • Empreinte TX antidérapante, évite le ripage et améliore le confort de vissage • Filetage partiel flottant, réduisant fortement l’effort lors de l’assemblage • Adaptée aux classes d’utilisation 1 et 2 (norme DIN EN 1995 – Eurocode 5) • Excellente résistance mécanique pour structures, charpentes et menuiseries • Certification ATE : qualité et performance garanties Pourquoi choisir nos vis VBF ? Fiables, durables et faciles à utiliser, les vis VBF sont idéales pour tous les projets de charpente, ossature bois, menuiserie ou assemblages exigeant solidité et précision.	https://www.vis-a-bois.com/produit/vbf35030	https://lqsbsinycyewdvdtbruy.supabase.co/storage/v1/object/public/product-images/8e90f441-f6a0-42a0-936f-241c5ecaa693/b9187ae6-e942-4894-8206-22018afaaa9f-vis-vbf.jpg	in_stock	29.00 EUR		Vis-à-Bois	3660601028321	VBF35030	new	1732	Vis menuiserie	TRUE
VBF35035	Vis bois VBF 3,5 x 35 galva rés.	Vis VBF pour bois – Acier carbone galvanisé bleu | Haute résistance & vissage facile La vis VBF en acier au carbone galvanisé est spécialement conçue pour les travaux de construction en bois. Elle offre un vissage rapide, propre et sans effort, grâce à sa pointe spécifique et à ses nervures de fraisage qui réduisent le couple et limitent le risque de fissuration du bois. Avantages de la vis Tête fraisée 90° avec nervures de fraisage pour un vissage affleurant et professionnel • Pointe spéciale pour bois, garantissant une pénétration rapide et précise • Empreinte TX antidérapante, évite le ripage et améliore le confort de vissage • Filetage partiel flottant, réduisant fortement l’effort lors de l’assemblage • Adaptée aux classes d’utilisation 1 et 2 (norme DIN EN 1995 – Eurocode 5) • Excellente résistance mécanique pour structures, charpentes et menuiseries • Certification ATE : qualité et performance garanties Pourquoi choisir nos vis VBF ? Fiables, durables et faciles à utiliser, les vis VBF sont idéales pour tous les projets de charpente, ossature bois, menuiserie ou assemblages exigeant solidité et précision.	https://www.vis-a-bois.com/produit/vbf35035	https://lqsbsinycyewdvdtbruy.supabase.co/storage/v1/object/public/product-images/8e90f441-f6a0-42a0-936f-241c5ecaa693/b9187ae6-e942-4894-8206-22018afaaa9f-vis-vbf.jpg	in_stock	30.00 EUR		Vis-à-Bois	3660601028338	VBF35035	new	1732	Vis menuiserie	TRUE
VBF35040	Vis bois VBF 3,5 x 40 galva rés.	Vis VBF pour bois – Acier carbone galvanisé bleu | Haute résistance & vissage facile La vis VBF en acier au carbone galvanisé est spécialement conçue pour les travaux de construction en bois. Elle offre un vissage rapide, propre et sans effort, grâce à sa pointe spécifique et à ses nervures de fraisage qui réduisent le couple et limitent le risque de fissuration du bois. Avantages de la vis Tête fraisée 90° avec nervures de fraisage pour un vissage affleurant et professionnel • Pointe spéciale pour bois, garantissant une pénétration rapide et précise • Empreinte TX antidérapante, évite le ripage et améliore le confort de vissage • Filetage partiel flottant, réduisant fortement l’effort lors de l’assemblage • Adaptée aux classes d’utilisation 1 et 2 (norme DIN EN 1995 – Eurocode 5) • Excellente résistance mécanique pour structures, charpentes et menuiseries • Certification ATE : qualité et performance garanties Pourquoi choisir nos vis VBF ? Fiables, durables et faciles à utiliser, les vis VBF sont idéales pour tous les projets de charpente, ossature bois, menuiserie ou assemblages exigeant solidité et précision.	https://www.vis-a-bois.com/produit/vbf35040	https://lqsbsinycyewdvdtbruy.supabase.co/storage/v1/object/public/product-images/8e90f441-f6a0-42a0-936f-241c5ecaa693/b9187ae6-e942-4894-8206-22018afaaa9f-vis-vbf.jpg	in_stock	34.00 EUR		Vis-à-Bois	3660601028345	VBF35040	new	1732	Vis menuiserie	TRUE
VBF40020	Vis bois VBF 4,0 x 20 galva rés.	Vis VBF pour bois – Acier carbone galvanisé bleu | Haute résistance & vissage facile La vis VBF en acier au carbone galvanisé est spécialement conçue pour les travaux de construction en bois. Elle offre un vissage rapide, propre et sans effort, grâce à sa pointe spécifique et à ses nervures de fraisage qui réduisent le couple et limitent le risque de fissuration du bois. Avantages de la vis Tête fraisée 90° avec nervures de fraisage pour un vissage affleurant et professionnel • Pointe spéciale pour bois, garantissant une pénétration rapide et précise • Empreinte TX antidérapante, évite le ripage et améliore le confort de vissage • Filetage partiel flottant, réduisant fortement l’effort lors de l’assemblage • Adaptée aux classes d’utilisation 1 et 2 (norme DIN EN 1995 – Eurocode 5) • Excellente résistance mécanique pour structures, charpentes et menuiseries • Certification ATE : qualité et performance garanties Pourquoi choisir nos vis VBF ? Fiables, durables et faciles à utiliser, les vis VBF sont idéales pour tous les projets de charpente, ossature bois, menuiserie ou assemblages exigeant solidité et précision.	https://www.vis-a-bois.com/produit/vbf40020	https://lqsbsinycyewdvdtbruy.supabase.co/storage/v1/object/public/product-images/8e90f441-f6a0-42a0-936f-241c5ecaa693/b9187ae6-e942-4894-8206-22018afaaa9f-vis-vbf.jpg	in_stock	26.00 EUR		Vis-à-Bois	3660601052654	VBF40020	new	1732	Vis menuiserie	TRUE
VBF40025	Vis bois VBF 4,0 x 25 galva rés.	Vis VBF pour bois – Acier carbone galvanisé bleu | Haute résistance & vissage facile La vis VBF en acier au carbone galvanisé est spécialement conçue pour les travaux de construction en bois. Elle offre un vissage rapide, propre et sans effort, grâce à sa pointe spécifique et à ses nervures de fraisage qui réduisent le couple et limitent le risque de fissuration du bois. Avantages de la vis Tête fraisée 90° avec nervures de fraisage pour un vissage affleurant et professionnel • Pointe spéciale pour bois, garantissant une pénétration rapide et précise • Empreinte TX antidérapante, évite le ripage et améliore le confort de vissage • Filetage partiel flottant, réduisant fortement l’effort lors de l’assemblage • Adaptée aux classes d’utilisation 1 et 2 (norme DIN EN 1995 – Eurocode 5) • Excellente résistance mécanique pour structures, charpentes et menuiseries • Certification ATE : qualité et performance garanties Pourquoi choisir nos vis VBF ? Fiables, durables et faciles à utiliser, les vis VBF sont idéales pour tous les projets de charpente, ossature bois, menuiserie ou assemblages exigeant solidité et précision.	https://www.vis-a-bois.com/produit/vbf40025	https://lqsbsinycyewdvdtbruy.supabase.co/storage/v1/object/public/product-images/8e90f441-f6a0-42a0-936f-241c5ecaa693/b9187ae6-e942-4894-8206-22018afaaa9f-vis-vbf.jpg	in_stock	28.00 EUR		Vis-à-Bois	3660601028352	VBF40025	new	1732	Vis menuiserie	TRUE
VBF40030	Vis bois VBF 4,0 x 30 galva rés.	Vis VBF pour bois – Acier carbone galvanisé bleu | Haute résistance & vissage facile La vis VBF en acier au carbone galvanisé est spécialement conçue pour les travaux de construction en bois. Elle offre un vissage rapide, propre et sans effort, grâce à sa pointe spécifique et à ses nervures de fraisage qui réduisent le couple et limitent le risque de fissuration du bois. Avantages de la vis Tête fraisée 90° avec nervures de fraisage pour un vissage affleurant et professionnel • Pointe spéciale pour bois, garantissant une pénétration rapide et précise • Empreinte TX antidérapante, évite le ripage et améliore le confort de vissage • Filetage partiel flottant, réduisant fortement l’effort lors de l’assemblage • Adaptée aux classes d’utilisation 1 et 2 (norme DIN EN 1995 – Eurocode 5) • Excellente résistance mécanique pour structures, charpentes et menuiseries • Certification ATE : qualité et performance garanties Pourquoi choisir nos vis VBF ? Fiables, durables et faciles à utiliser, les vis VBF sont idéales pour tous les projets de charpente, ossature bois, menuiserie ou assemblages exigeant solidité et précision.	https://www.vis-a-bois.com/produit/vbf40030	https://lqsbsinycyewdvdtbruy.supabase.co/storage/v1/object/public/product-images/8e90f441-f6a0-42a0-936f-241c5ecaa693/b9187ae6-e942-4894-8206-22018afaaa9f-vis-vbf.jpg	in_stock	30.00 EUR		Vis-à-Bois	3660601028369	VBF40030	new	1732	Vis menuiserie	TRUE
VBF40035	Vis bois VBF 4,0 x 35 galva rés.	Vis VBF pour bois – Acier carbone galvanisé bleu | Haute résistance & vissage facile La vis VBF en acier au carbone galvanisé est spécialement conçue pour les travaux de construction en bois. Elle offre un vissage rapide, propre et sans effort, grâce à sa pointe spécifique et à ses nervures de fraisage qui réduisent le couple et limitent le risque de fissuration du bois. Avantages de la vis Tête fraisée 90° avec nervures de fraisage pour un vissage affleurant et professionnel • Pointe spéciale pour bois, garantissant une pénétration rapide et précise • Empreinte TX antidérapante, évite le ripage et améliore le confort de vissage • Filetage partiel flottant, réduisant fortement l’effort lors de l’assemblage • Adaptée aux classes d’utilisation 1 et 2 (norme DIN EN 1995 – Eurocode 5) • Excellente résistance mécanique pour structures, charpentes et menuiseries • Certification ATE : qualité et performance garanties Pourquoi choisir nos vis VBF ? Fiables, durables et faciles à utiliser, les vis VBF sont idéales pour tous les projets de charpente, ossature bois, menuiserie ou assemblages exigeant solidité et précision.	https://www.vis-a-bois.com/produit/vbf40035	https://lqsbsinycyewdvdtbruy.supabase.co/storage/v1/object/public/product-images/8e90f441-f6a0-42a0-936f-241c5ecaa693/b9187ae6-e942-4894-8206-22018afaaa9f-vis-vbf.jpg	in_stock	34.00 EUR		Vis-à-Bois	3660601028376	VBF40035	new	1732	Vis menuiserie	TRUE
VBF40040	Vis bois VBF 4,0 x 40 galva rés.	Vis VBF pour bois – Acier carbone galvanisé bleu | Haute résistance & vissage facile La vis VBF en acier au carbone galvanisé est spécialement conçue pour les travaux de construction en bois. Elle offre un vissage rapide, propre et sans effort, grâce à sa pointe spécifique et à ses nervures de fraisage qui réduisent le couple et limitent le risque de fissuration du bois. Avantages de la vis Tête fraisée 90° avec nervures de fraisage pour un vissage affleurant et professionnel • Pointe spéciale pour bois, garantissant une pénétration rapide et précise • Empreinte TX antidérapante, évite le ripage et améliore le confort de vissage • Filetage partiel flottant, réduisant fortement l’effort lors de l’assemblage • Adaptée aux classes d’utilisation 1 et 2 (norme DIN EN 1995 – Eurocode 5) • Excellente résistance mécanique pour structures, charpentes et menuiseries • Certification ATE : qualité et performance garanties Pourquoi choisir nos vis VBF ? Fiables, durables et faciles à utiliser, les vis VBF sont idéales pour tous les projets de charpente, ossature bois, menuiserie ou assemblages exigeant solidité et précision.	https://www.vis-a-bois.com/produit/vbf40040	https://lqsbsinycyewdvdtbruy.supabase.co/storage/v1/object/public/product-images/8e90f441-f6a0-42a0-936f-241c5ecaa693/b9187ae6-e942-4894-8206-22018afaaa9f-vis-vbf.jpg	in_stock	38.00 EUR		Vis-à-Bois	3660601032182	VBF40040	new	1732	Vis menuiserie	TRUE
VBF40045	Vis bois VBF 4,0 x 45 galva rés.	Vis VBF pour bois – Acier carbone galvanisé bleu | Haute résistance & vissage facile La vis VBF en acier au carbone galvanisé est spécialement conçue pour les travaux de construction en bois. Elle offre un vissage rapide, propre et sans effort, grâce à sa pointe spécifique et à ses nervures de fraisage qui réduisent le couple et limitent le risque de fissuration du bois. Avantages de la vis Tête fraisée 90° avec nervures de fraisage pour un vissage affleurant et professionnel • Pointe spéciale pour bois, garantissant une pénétration rapide et précise • Empreinte TX antidérapante, évite le ripage et améliore le confort de vissage • Filetage partiel flottant, réduisant fortement l’effort lors de l’assemblage • Adaptée aux classes d’utilisation 1 et 2 (norme DIN EN 1995 – Eurocode 5) • Excellente résistance mécanique pour structures, charpentes et menuiseries • Certification ATE : qualité et performance garanties Pourquoi choisir nos vis VBF ? Fiables, durables et faciles à utiliser, les vis VBF sont idéales pour tous les projets de charpente, ossature bois, menuiserie ou assemblages exigeant solidité et précision.	https://www.vis-a-bois.com/produit/vbf40045	https://lqsbsinycyewdvdtbruy.supabase.co/storage/v1/object/public/product-images/8e90f441-f6a0-42a0-936f-241c5ecaa693/b9187ae6-e942-4894-8206-22018afaaa9f-vis-vbf.jpg	in_stock	22.00 EUR		Vis-à-Bois	3660601043263	VBF40045	new	1732	Vis menuiserie	TRUE
VBF40050	Vis bois VBF 4,0 x 50 galva rés.	Vis VBF pour bois – Acier carbone galvanisé bleu | Haute résistance & vissage facile La vis VBF en acier au carbone galvanisé est spécialement conçue pour les travaux de construction en bois. Elle offre un vissage rapide, propre et sans effort, grâce à sa pointe spécifique et à ses nervures de fraisage qui réduisent le couple et limitent le risque de fissuration du bois. Avantages de la vis Tête fraisée 90° avec nervures de fraisage pour un vissage affleurant et professionnel • Pointe spéciale pour bois, garantissant une pénétration rapide et précise • Empreinte TX antidérapante, évite le ripage et améliore le confort de vissage • Filetage partiel flottant, réduisant fortement l’effort lors de l’assemblage • Adaptée aux classes d’utilisation 1 et 2 (norme DIN EN 1995 – Eurocode 5) • Excellente résistance mécanique pour structures, charpentes et menuiseries • Certification ATE : qualité et performance garanties Pourquoi choisir nos vis VBF ? Fiables, durables et faciles à utiliser, les vis VBF sont idéales pour tous les projets de charpente, ossature bois, menuiserie ou assemblages exigeant solidité et précision.	https://www.vis-a-bois.com/produit/vbf40050	https://lqsbsinycyewdvdtbruy.supabase.co/storage/v1/object/public/product-images/8e90f441-f6a0-42a0-936f-241c5ecaa693/b9187ae6-e942-4894-8206-22018afaaa9f-vis-vbf.jpg	in_stock	23.00 EUR		Vis-à-Bois	3660601028390	VBF40050	new	1732	Vis menuiserie	TRUE
VBF40060	Vis bois VBF 4,0 x 60 galva rés.	Vis VBF pour bois – Acier carbone galvanisé bleu | Haute résistance & vissage facile La vis VBF en acier au carbone galvanisé est spécialement conçue pour les travaux de construction en bois. Elle offre un vissage rapide, propre et sans effort, grâce à sa pointe spécifique et à ses nervures de fraisage qui réduisent le couple et limitent le risque de fissuration du bois. Avantages de la vis Tête fraisée 90° avec nervures de fraisage pour un vissage affleurant et professionnel • Pointe spéciale pour bois, garantissant une pénétration rapide et précise • Empreinte TX antidérapante, évite le ripage et améliore le confort de vissage • Filetage partiel flottant, réduisant fortement l’effort lors de l’assemblage • Adaptée aux classes d’utilisation 1 et 2 (norme DIN EN 1995 – Eurocode 5) • Excellente résistance mécanique pour structures, charpentes et menuiseries • Certification ATE : qualité et performance garanties Pourquoi choisir nos vis VBF ? Fiables, durables et faciles à utiliser, les vis VBF sont idéales pour tous les projets de charpente, ossature bois, menuiserie ou assemblages exigeant solidité et précision.	https://www.vis-a-bois.com/produit/vbf40060	https://lqsbsinycyewdvdtbruy.supabase.co/storage/v1/object/public/product-images/8e90f441-f6a0-42a0-936f-241c5ecaa693/b9187ae6-e942-4894-8206-22018afaaa9f-vis-vbf.jpg	in_stock	13.00 EUR		Vis-à-Bois	3660601028406	VBF40060	new	1732	Vis menuiserie	TRUE
VBF40070	Vis bois VBF 4,0 x 70 galva rés.	Vis VBF pour bois – Acier carbone galvanisé bleu | Haute résistance & vissage facile La vis VBF en acier au carbone galvanisé est spécialement conçue pour les travaux de construction en bois. Elle offre un vissage rapide, propre et sans effort, grâce à sa pointe spécifique et à ses nervures de fraisage qui réduisent le couple et limitent le risque de fissuration du bois. Avantages de la vis Tête fraisée 90° avec nervures de fraisage pour un vissage affleurant et professionnel • Pointe spéciale pour bois, garantissant une pénétration rapide et précise • Empreinte TX antidérapante, évite le ripage et améliore le confort de vissage • Filetage partiel flottant, réduisant fortement l’effort lors de l’assemblage • Adaptée aux classes d’utilisation 1 et 2 (norme DIN EN 1995 – Eurocode 5) • Excellente résistance mécanique pour structures, charpentes et menuiseries • Certification ATE : qualité et performance garanties Pourquoi choisir nos vis VBF ? Fiables, durables et faciles à utiliser, les vis VBF sont idéales pour tous les projets de charpente, ossature bois, menuiserie ou assemblages exigeant solidité et précision.	https://www.vis-a-bois.com/produit/vbf40070	https://lqsbsinycyewdvdtbruy.supabase.co/storage/v1/object/public/product-images/8e90f441-f6a0-42a0-936f-241c5ecaa693/b9187ae6-e942-4894-8206-22018afaaa9f-vis-vbf.jpg	in_stock	14.00 EUR		Vis-à-Bois	3660601028413	VBF40070	new	1732	Vis menuiserie	TRUE
VBF45040	Vis bois VBF 4,5 x 40 galva rés.	Vis VBF pour bois – Acier carbone galvanisé bleu | Haute résistance & vissage facile La vis VBF en acier au carbone galvanisé est spécialement conçue pour les travaux de construction en bois. Elle offre un vissage rapide, propre et sans effort, grâce à sa pointe spécifique et à ses nervures de fraisage qui réduisent le couple et limitent le risque de fissuration du bois. Avantages de la vis Tête fraisée 90° avec nervures de fraisage pour un vissage affleurant et professionnel • Pointe spéciale pour bois, garantissant une pénétration rapide et précise • Empreinte TX antidérapante, évite le ripage et améliore le confort de vissage • Filetage partiel flottant, réduisant fortement l’effort lors de l’assemblage • Adaptée aux classes d’utilisation 1 et 2 (norme DIN EN 1995 – Eurocode 5) • Excellente résistance mécanique pour structures, charpentes et menuiseries • Certification ATE : qualité et performance garanties Pourquoi choisir nos vis VBF ? Fiables, durables et faciles à utiliser, les vis VBF sont idéales pour tous les projets de charpente, ossature bois, menuiserie ou assemblages exigeant solidité et précision.	https://www.vis-a-bois.com/produit/vbf45040	https://lqsbsinycyewdvdtbruy.supabase.co/storage/v1/object/public/product-images/8e90f441-f6a0-42a0-936f-241c5ecaa693/b9187ae6-e942-4894-8206-22018afaaa9f-vis-vbf.jpg	in_stock	25.00 EUR		Vis-à-Bois	3660601028420	VBF45040	new	1732	Vis menuiserie	TRUE
VBF45045	Vis bois VBF 4,5 x 45 galva rés.	Vis VBF pour bois – Acier carbone galvanisé bleu | Haute résistance & vissage facile La vis VBF en acier au carbone galvanisé est spécialement conçue pour les travaux de construction en bois. Elle offre un vissage rapide, propre et sans effort, grâce à sa pointe spécifique et à ses nervures de fraisage qui réduisent le couple et limitent le risque de fissuration du bois. Avantages de la vis Tête fraisée 90° avec nervures de fraisage pour un vissage affleurant et professionnel • Pointe spéciale pour bois, garantissant une pénétration rapide et précise • Empreinte TX antidérapante, évite le ripage et améliore le confort de vissage • Filetage partiel flottant, réduisant fortement l’effort lors de l’assemblage • Adaptée aux classes d’utilisation 1 et 2 (norme DIN EN 1995 – Eurocode 5) • Excellente résistance mécanique pour structures, charpentes et menuiseries • Certification ATE : qualité et performance garanties Pourquoi choisir nos vis VBF ? Fiables, durables et faciles à utiliser, les vis VBF sont idéales pour tous les projets de charpente, ossature bois, menuiserie ou assemblages exigeant solidité et précision.	https://www.vis-a-bois.com/produit/vbf45045	https://lqsbsinycyewdvdtbruy.supabase.co/storage/v1/object/public/product-images/8e90f441-f6a0-42a0-936f-241c5ecaa693/b9187ae6-e942-4894-8206-22018afaaa9f-vis-vbf.jpg	in_stock	26.00 EUR		Vis-à-Bois	3660601028437	VBF45045	new	1732	Vis menuiserie	TRUE
VBF45050	Vis bois VBF 4,5 x 50 galva rés.	Vis VBF pour bois – Acier carbone galvanisé bleu | Haute résistance & vissage facile La vis VBF en acier au carbone galvanisé est spécialement conçue pour les travaux de construction en bois. Elle offre un vissage rapide, propre et sans effort, grâce à sa pointe spécifique et à ses nervures de fraisage qui réduisent le couple et limitent le risque de fissuration du bois. Avantages de la vis Tête fraisée 90° avec nervures de fraisage pour un vissage affleurant et professionnel • Pointe spéciale pour bois, garantissant une pénétration rapide et précise • Empreinte TX antidérapante, évite le ripage et améliore le confort de vissage • Filetage partiel flottant, réduisant fortement l’effort lors de l’assemblage • Adaptée aux classes d’utilisation 1 et 2 (norme DIN EN 1995 – Eurocode 5) • Excellente résistance mécanique pour structures, charpentes et menuiseries • Certification ATE : qualité et performance garanties Pourquoi choisir nos vis VBF ? Fiables, durables et faciles à utiliser, les vis VBF sont idéales pour tous les projets de charpente, ossature bois, menuiserie ou assemblages exigeant solidité et précision.	https://www.vis-a-bois.com/produit/vbf45050	https://lqsbsinycyewdvdtbruy.supabase.co/storage/v1/object/public/product-images/8e90f441-f6a0-42a0-936f-241c5ecaa693/b9187ae6-e942-4894-8206-22018afaaa9f-vis-vbf.jpg	in_stock	29.00 EUR		Vis-à-Bois	3660601028444	VBF45050	new	1732	Vis menuiserie	TRUE
VBF45060	Vis bois VBF 4,5 x 60 galva rés.	Vis VBF pour bois – Acier carbone galvanisé bleu | Haute résistance & vissage facile La vis VBF en acier au carbone galvanisé est spécialement conçue pour les travaux de construction en bois. Elle offre un vissage rapide, propre et sans effort, grâce à sa pointe spécifique et à ses nervures de fraisage qui réduisent le couple et limitent le risque de fissuration du bois. Avantages de la vis Tête fraisée 90° avec nervures de fraisage pour un vissage affleurant et professionnel • Pointe spéciale pour bois, garantissant une pénétration rapide et précise • Empreinte TX antidérapante, évite le ripage et améliore le confort de vissage • Filetage partiel flottant, réduisant fortement l’effort lors de l’assemblage • Adaptée aux classes d’utilisation 1 et 2 (norme DIN EN 1995 – Eurocode 5) • Excellente résistance mécanique pour structures, charpentes et menuiseries • Certification ATE : qualité et performance garanties Pourquoi choisir nos vis VBF ? Fiables, durables et faciles à utiliser, les vis VBF sont idéales pour tous les projets de charpente, ossature bois, menuiserie ou assemblages exigeant solidité et précision.	https://www.vis-a-bois.com/produit/vbf45060	https://lqsbsinycyewdvdtbruy.supabase.co/storage/v1/object/public/product-images/8e90f441-f6a0-42a0-936f-241c5ecaa693/b9187ae6-e942-4894-8206-22018afaaa9f-vis-vbf.jpg	in_stock	15.00 EUR		Vis-à-Bois	3660601028451	VBF45060	new	1732	Vis menuiserie	TRUE
VBF45070	Vis bois VBF 4,5 x 70 galva rés.	Vis VBF pour bois – Acier carbone galvanisé bleu | Haute résistance & vissage facile La vis VBF en acier au carbone galvanisé est spécialement conçue pour les travaux de construction en bois. Elle offre un vissage rapide, propre et sans effort, grâce à sa pointe spécifique et à ses nervures de fraisage qui réduisent le couple et limitent le risque de fissuration du bois. Avantages de la vis Tête fraisée 90° avec nervures de fraisage pour un vissage affleurant et professionnel • Pointe spéciale pour bois, garantissant une pénétration rapide et précise • Empreinte TX antidérapante, évite le ripage et améliore le confort de vissage • Filetage partiel flottant, réduisant fortement l’effort lors de l’assemblage • Adaptée aux classes d’utilisation 1 et 2 (norme DIN EN 1995 – Eurocode 5) • Excellente résistance mécanique pour structures, charpentes et menuiseries • Certification ATE : qualité et performance garanties Pourquoi choisir nos vis VBF ? Fiables, durables et faciles à utiliser, les vis VBF sont idéales pour tous les projets de charpente, ossature bois, menuiserie ou assemblages exigeant solidité et précision.	https://www.vis-a-bois.com/produit/vbf45070	https://lqsbsinycyewdvdtbruy.supabase.co/storage/v1/object/public/product-images/8e90f441-f6a0-42a0-936f-241c5ecaa693/b9187ae6-e942-4894-8206-22018afaaa9f-vis-vbf.jpg	in_stock	17.00 EUR		Vis-à-Bois	3660601028468	VBF45070	new	1732	Vis menuiserie	TRUE
VBF45080	Vis bois VBF 4,5 x 80 galva rés.	Vis VBF pour bois – Acier carbone galvanisé bleu | Haute résistance & vissage facile La vis VBF en acier au carbone galvanisé est spécialement conçue pour les travaux de construction en bois. Elle offre un vissage rapide, propre et sans effort, grâce à sa pointe spécifique et à ses nervures de fraisage qui réduisent le couple et limitent le risque de fissuration du bois. Avantages de la vis Tête fraisée 90° avec nervures de fraisage pour un vissage affleurant et professionnel • Pointe spéciale pour bois, garantissant une pénétration rapide et précise • Empreinte TX antidérapante, évite le ripage et améliore le confort de vissage • Filetage partiel flottant, réduisant fortement l’effort lors de l’assemblage • Adaptée aux classes d’utilisation 1 et 2 (norme DIN EN 1995 – Eurocode 5) • Excellente résistance mécanique pour structures, charpentes et menuiseries • Certification ATE : qualité et performance garanties Pourquoi choisir nos vis VBF ? Fiables, durables et faciles à utiliser, les vis VBF sont idéales pour tous les projets de charpente, ossature bois, menuiserie ou assemblages exigeant solidité et précision.	https://www.vis-a-bois.com/produit/vbf45080	https://lqsbsinycyewdvdtbruy.supabase.co/storage/v1/object/public/product-images/8e90f441-f6a0-42a0-936f-241c5ecaa693/b9187ae6-e942-4894-8206-22018afaaa9f-vis-vbf.jpg	in_stock	19.00 EUR		Vis-à-Bois	3660601028475	VBF45080	new	1732	Vis menuiserie	TRUE
VBF50035	Vis bois VBF 5,0 x 35 galva rés.	Vis VBF pour bois – Acier carbone galvanisé bleu | Haute résistance & vissage facile La vis VBF en acier au carbone galvanisé est spécialement conçue pour les travaux de construction en bois. Elle offre un vissage rapide, propre et sans effort, grâce à sa pointe spécifique et à ses nervures de fraisage qui réduisent le couple et limitent le risque de fissuration du bois. Avantages de la vis Tête fraisée 90° avec nervures de fraisage pour un vissage affleurant et professionnel • Pointe spéciale pour bois, garantissant une pénétration rapide et précise • Empreinte TX antidérapante, évite le ripage et améliore le confort de vissage • Filetage partiel flottant, réduisant fortement l’effort lors de l’assemblage • Adaptée aux classes d’utilisation 1 et 2 (norme DIN EN 1995 – Eurocode 5) • Excellente résistance mécanique pour structures, charpentes et menuiseries • Certification ATE : qualité et performance garanties Pourquoi choisir nos vis VBF ? Fiables, durables et faciles à utiliser, les vis VBF sont idéales pour tous les projets de charpente, ossature bois, menuiserie ou assemblages exigeant solidité et précision.	https://www.vis-a-bois.com/produit/vbf50035	https://lqsbsinycyewdvdtbruy.supabase.co/storage/v1/object/public/product-images/8e90f441-f6a0-42a0-936f-241c5ecaa693/b9187ae6-e942-4894-8206-22018afaaa9f-vis-vbf.jpg	in_stock	10.00 EUR		Vis-à-Bois	3660601051060	VBF50035	new	1732	Vis menuiserie	TRUE
VBF50040	Vis bois VBF 5,0 x 40 galva rés.	Vis VBF pour bois – Acier carbone galvanisé bleu | Haute résistance & vissage facile La vis VBF en acier au carbone galvanisé est spécialement conçue pour les travaux de construction en bois. Elle offre un vissage rapide, propre et sans effort, grâce à sa pointe spécifique et à ses nervures de fraisage qui réduisent le couple et limitent le risque de fissuration du bois. Avantages de la vis Tête fraisée 90° avec nervures de fraisage pour un vissage affleurant et professionnel • Pointe spéciale pour bois, garantissant une pénétration rapide et précise • Empreinte TX antidérapante, évite le ripage et améliore le confort de vissage • Filetage partiel flottant, réduisant fortement l’effort lors de l’assemblage • Adaptée aux classes d’utilisation 1 et 2 (norme DIN EN 1995 – Eurocode 5) • Excellente résistance mécanique pour structures, charpentes et menuiseries • Certification ATE : qualité et performance garanties Pourquoi choisir nos vis VBF ? Fiables, durables et faciles à utiliser, les vis VBF sont idéales pour tous les projets de charpente, ossature bois, menuiserie ou assemblages exigeant solidité et précision.	https://www.vis-a-bois.com/produit/vbf50040	https://lqsbsinycyewdvdtbruy.supabase.co/storage/v1/object/public/product-images/8e90f441-f6a0-42a0-936f-241c5ecaa693/b9187ae6-e942-4894-8206-22018afaaa9f-vis-vbf.jpg	in_stock	13.00 EUR		Vis-à-Bois	3660601048589	VBF50040	new	1732	Vis menuiserie	TRUE
VBF50050	Vis bois VBF 5,0 x 50 galva rés.	Vis VBF pour bois – Acier carbone galvanisé bleu | Haute résistance & vissage facile La vis VBF en acier au carbone galvanisé est spécialement conçue pour les travaux de construction en bois. Elle offre un vissage rapide, propre et sans effort, grâce à sa pointe spécifique et à ses nervures de fraisage qui réduisent le couple et limitent le risque de fissuration du bois. Avantages de la vis Tête fraisée 90° avec nervures de fraisage pour un vissage affleurant et professionnel • Pointe spéciale pour bois, garantissant une pénétration rapide et précise • Empreinte TX antidérapante, évite le ripage et améliore le confort de vissage • Filetage partiel flottant, réduisant fortement l’effort lors de l’assemblage • Adaptée aux classes d’utilisation 1 et 2 (norme DIN EN 1995 – Eurocode 5) • Excellente résistance mécanique pour structures, charpentes et menuiseries • Certification ATE : qualité et performance garanties Pourquoi choisir nos vis VBF ? Fiables, durables et faciles à utiliser, les vis VBF sont idéales pour tous les projets de charpente, ossature bois, menuiserie ou assemblages exigeant solidité et précision.	https://www.vis-a-bois.com/produit/vbf50050	https://lqsbsinycyewdvdtbruy.supabase.co/storage/v1/object/public/product-images/8e90f441-f6a0-42a0-936f-241c5ecaa693/b9187ae6-e942-4894-8206-22018afaaa9f-vis-vbf.jpg	in_stock	15.00 EUR		Vis-à-Bois	3660601028482	VBF50050	new	1732	Vis de charpente	TRUE
VBF50060	Vis bois VBF 5,0 x 60 galva rés.	Vis VBF pour bois – Acier carbone galvanisé bleu | Haute résistance & vissage facile La vis VBF en acier au carbone galvanisé est spécialement conçue pour les travaux de construction en bois. Elle offre un vissage rapide, propre et sans effort, grâce à sa pointe spécifique et à ses nervures de fraisage qui réduisent le couple et limitent le risque de fissuration du bois. Avantages de la vis Tête fraisée 90° avec nervures de fraisage pour un vissage affleurant et professionnel • Pointe spéciale pour bois, garantissant une pénétration rapide et précise • Empreinte TX antidérapante, évite le ripage et améliore le confort de vissage • Filetage partiel flottant, réduisant fortement l’effort lors de l’assemblage • Adaptée aux classes d’utilisation 1 et 2 (norme DIN EN 1995 – Eurocode 5) • Excellente résistance mécanique pour structures, charpentes et menuiseries • Certification ATE : qualité et performance garanties Pourquoi choisir nos vis VBF ? Fiables, durables et faciles à utiliser, les vis VBF sont idéales pour tous les projets de charpente, ossature bois, menuiserie ou assemblages exigeant solidité et précision.	https://www.vis-a-bois.com/produit/vbf50060	https://lqsbsinycyewdvdtbruy.supabase.co/storage/v1/object/public/product-images/8e90f441-f6a0-42a0-936f-241c5ecaa693/b9187ae6-e942-4894-8206-22018afaaa9f-vis-vbf.jpg	in_stock	18.00 EUR		Vis-à-Bois	3660601028499	VBF50060	new	1732	Vis de charpente	TRUE
VBF50070	Vis bois VBF 5,0 x 70 galva rés.	Vis VBF pour bois – Acier carbone galvanisé bleu | Haute résistance & vissage facile La vis VBF en acier au carbone galvanisé est spécialement conçue pour les travaux de construction en bois. Elle offre un vissage rapide, propre et sans effort, grâce à sa pointe spécifique et à ses nervures de fraisage qui réduisent le couple et limitent le risque de fissuration du bois. Avantages de la vis Tête fraisée 90° avec nervures de fraisage pour un vissage affleurant et professionnel • Pointe spéciale pour bois, garantissant une pénétration rapide et précise • Empreinte TX antidérapante, évite le ripage et améliore le confort de vissage • Filetage partiel flottant, réduisant fortement l’effort lors de l’assemblage • Adaptée aux classes d’utilisation 1 et 2 (norme DIN EN 1995 – Eurocode 5) • Excellente résistance mécanique pour structures, charpentes et menuiseries • Certification ATE : qualité et performance garanties Pourquoi choisir nos vis VBF ? Fiables, durables et faciles à utiliser, les vis VBF sont idéales pour tous les projets de charpente, ossature bois, menuiserie ou assemblages exigeant solidité et précision.	https://www.vis-a-bois.com/produit/vbf50070	https://lqsbsinycyewdvdtbruy.supabase.co/storage/v1/object/public/product-images/8e90f441-f6a0-42a0-936f-241c5ecaa693/b9187ae6-e942-4894-8206-22018afaaa9f-vis-vbf.jpg	in_stock	20.00 EUR		Vis-à-Bois	3660601028505	VBF50070	new	1732	Vis de charpente	TRUE
VBF50080	Vis bois VBF 5,0 x 80 galva rés.	Vis VBF pour bois – Acier carbone galvanisé bleu | Haute résistance & vissage facile La vis VBF en acier au carbone galvanisé est spécialement conçue pour les travaux de construction en bois. Elle offre un vissage rapide, propre et sans effort, grâce à sa pointe spécifique et à ses nervures de fraisage qui réduisent le couple et limitent le risque de fissuration du bois. Avantages de la vis Tête fraisée 90° avec nervures de fraisage pour un vissage affleurant et professionnel • Pointe spéciale pour bois, garantissant une pénétration rapide et précise • Empreinte TX antidérapante, évite le ripage et améliore le confort de vissage • Filetage partiel flottant, réduisant fortement l’effort lors de l’assemblage • Adaptée aux classes d’utilisation 1 et 2 (norme DIN EN 1995 – Eurocode 5) • Excellente résistance mécanique pour structures, charpentes et menuiseries • Certification ATE : qualité et performance garanties Pourquoi choisir nos vis VBF ? Fiables, durables et faciles à utiliser, les vis VBF sont idéales pour tous les projets de charpente, ossature bois, menuiserie ou assemblages exigeant solidité et précision.	https://www.vis-a-bois.com/produit/vbf50080	https://lqsbsinycyewdvdtbruy.supabase.co/storage/v1/object/public/product-images/8e90f441-f6a0-42a0-936f-241c5ecaa693/b9187ae6-e942-4894-8206-22018afaaa9f-vis-vbf.jpg	in_stock	19.00 EUR		Vis-à-Bois	3660601028512	VBF50080	new	1732	Vis de charpente	TRUE
VBF50090	Vis bois VBF 5,0 x 90 galva rés.	Vis VBF pour bois – Acier carbone galvanisé bleu | Haute résistance & vissage facile La vis VBF en acier au carbone galvanisé est spécialement conçue pour les travaux de construction en bois. Elle offre un vissage rapide, propre et sans effort, grâce à sa pointe spécifique et à ses nervures de fraisage qui réduisent le couple et limitent le risque de fissuration du bois. Avantages de la vis Tête fraisée 90° avec nervures de fraisage pour un vissage affleurant et professionnel • Pointe spéciale pour bois, garantissant une pénétration rapide et précise • Empreinte TX antidérapante, évite le ripage et améliore le confort de vissage • Filetage partiel flottant, réduisant fortement l’effort lors de l’assemblage • Adaptée aux classes d’utilisation 1 et 2 (norme DIN EN 1995 – Eurocode 5) • Excellente résistance mécanique pour structures, charpentes et menuiseries • Certification ATE : qualité et performance garanties Pourquoi choisir nos vis VBF ? Fiables, durables et faciles à utiliser, les vis VBF sont idéales pour tous les projets de charpente, ossature bois, menuiserie ou assemblages exigeant solidité et précision.	https://www.vis-a-bois.com/produit/vbf50090	https://lqsbsinycyewdvdtbruy.supabase.co/storage/v1/object/public/product-images/8e90f441-f6a0-42a0-936f-241c5ecaa693/b9187ae6-e942-4894-8206-22018afaaa9f-vis-vbf.jpg	in_stock	29.00 EUR		Vis-à-Bois	3660601067269	VBF50090	new	1732	Vis de charpente	TRUE
VBF50100	Vis bois VBF 5,0 x100 galva rés.	Vis VBF pour bois – Acier carbone galvanisé bleu | Haute résistance & vissage facile La vis VBF en acier au carbone galvanisé est spécialement conçue pour les travaux de construction en bois. Elle offre un vissage rapide, propre et sans effort, grâce à sa pointe spécifique et à ses nervures de fraisage qui réduisent le couple et limitent le risque de fissuration du bois. Avantages de la vis Tête fraisée 90° avec nervures de fraisage pour un vissage affleurant et professionnel • Pointe spéciale pour bois, garantissant une pénétration rapide et précise • Empreinte TX antidérapante, évite le ripage et améliore le confort de vissage • Filetage partiel flottant, réduisant fortement l’effort lors de l’assemblage • Adaptée aux classes d’utilisation 1 et 2 (norme DIN EN 1995 – Eurocode 5) • Excellente résistance mécanique pour structures, charpentes et menuiseries • Certification ATE : qualité et performance garanties Pourquoi choisir nos vis VBF ? Fiables, durables et faciles à utiliser, les vis VBF sont idéales pour tous les projets de charpente, ossature bois, menuiserie ou assemblages exigeant solidité et précision.	https://www.vis-a-bois.com/produit/vbf50100	https://lqsbsinycyewdvdtbruy.supabase.co/storage/v1/object/public/product-images/8e90f441-f6a0-42a0-936f-241c5ecaa693/b9187ae6-e942-4894-8206-22018afaaa9f-vis-vbf.jpg	in_stock	31.00 EUR		Vis-à-Bois	3660601028529	VBF50100	new	1732	Vis de charpente	TRUE
VBF50120	Vis bois VBF 5,0 x120 galva rés.	Vis VBF pour bois – Acier carbone galvanisé bleu | Haute résistance & vissage facile La vis VBF en acier au carbone galvanisé est spécialement conçue pour les travaux de construction en bois. Elle offre un vissage rapide, propre et sans effort, grâce à sa pointe spécifique et à ses nervures de fraisage qui réduisent le couple et limitent le risque de fissuration du bois. Avantages de la vis Tête fraisée 90° avec nervures de fraisage pour un vissage affleurant et professionnel • Pointe spéciale pour bois, garantissant une pénétration rapide et précise • Empreinte TX antidérapante, évite le ripage et améliore le confort de vissage • Filetage partiel flottant, réduisant fortement l’effort lors de l’assemblage • Adaptée aux classes d’utilisation 1 et 2 (norme DIN EN 1995 – Eurocode 5) • Excellente résistance mécanique pour structures, charpentes et menuiseries • Certification ATE : qualité et performance garanties Pourquoi choisir nos vis VBF ? Fiables, durables et faciles à utiliser, les vis VBF sont idéales pour tous les projets de charpente, ossature bois, menuiserie ou assemblages exigeant solidité et précision.	https://www.vis-a-bois.com/produit/vbf50120	https://lqsbsinycyewdvdtbruy.supabase.co/storage/v1/object/public/product-images/8e90f441-f6a0-42a0-936f-241c5ecaa693/b9187ae6-e942-4894-8206-22018afaaa9f-vis-vbf.jpg	in_stock	39.00 EUR		Vis-à-Bois	3660601028536	VBF50120	new	1732	Vis de charpente	TRUE
VBF60100	Vis bois VBF 6,0 x 100 galva rés.	Vis VBF pour bois – Acier carbone galvanisé bleu | Haute résistance & vissage facile La vis VBF en acier au carbone galvanisé est spécialement conçue pour les travaux de construction en bois. Elle offre un vissage rapide, propre et sans effort, grâce à sa pointe spécifique et à ses nervures de fraisage qui réduisent le couple et limitent le risque de fissuration du bois. Avantages de la vis Tête fraisée 90° avec nervures de fraisage pour un vissage affleurant et professionnel • Pointe spéciale pour bois, garantissant une pénétration rapide et précise • Empreinte TX antidérapante, évite le ripage et améliore le confort de vissage • Filetage partiel flottant, réduisant fortement l’effort lors de l’assemblage • Adaptée aux classes d’utilisation 1 et 2 (norme DIN EN 1995 – Eurocode 5) • Excellente résistance mécanique pour structures, charpentes et menuiseries • Certification ATE : qualité et performance garanties Pourquoi choisir nos vis VBF ? Fiables, durables et faciles à utiliser, les vis VBF sont idéales pour tous les projets de charpente, ossature bois, menuiserie ou assemblages exigeant solidité et précision.	https://www.vis-a-bois.com/produit/vbf60100	https://lqsbsinycyewdvdtbruy.supabase.co/storage/v1/object/public/product-images/8e90f441-f6a0-42a0-936f-241c5ecaa693/b9187ae6-e942-4894-8206-22018afaaa9f-vis-vbf.jpg	in_stock	19.00 EUR		Vis-à-Bois	3660601028567	VBF60100	new	1732	Vis de charpente	TRUE
VBF60120	Vis bois VBF 6,0 x 120 galva rés.	Vis VBF pour bois – Acier carbone galvanisé bleu | Haute résistance & vissage facile La vis VBF en acier au carbone galvanisé est spécialement conçue pour les travaux de construction en bois. Elle offre un vissage rapide, propre et sans effort, grâce à sa pointe spécifique et à ses nervures de fraisage qui réduisent le couple et limitent le risque de fissuration du bois. Avantages de la vis Tête fraisée 90° avec nervures de fraisage pour un vissage affleurant et professionnel • Pointe spéciale pour bois, garantissant une pénétration rapide et précise • Empreinte TX antidérapante, évite le ripage et améliore le confort de vissage • Filetage partiel flottant, réduisant fortement l’effort lors de l’assemblage • Adaptée aux classes d’utilisation 1 et 2 (norme DIN EN 1995 – Eurocode 5) • Excellente résistance mécanique pour structures, charpentes et menuiseries • Certification ATE : qualité et performance garanties Pourquoi choisir nos vis VBF ? Fiables, durables et faciles à utiliser, les vis VBF sont idéales pour tous les projets de charpente, ossature bois, menuiserie ou assemblages exigeant solidité et précision.	https://www.vis-a-bois.com/produit/vbf60120	https://lqsbsinycyewdvdtbruy.supabase.co/storage/v1/object/public/product-images/8e90f441-f6a0-42a0-936f-241c5ecaa693/b9187ae6-e942-4894-8206-22018afaaa9f-vis-vbf.jpg	in_stock	26.00 EUR		Vis-à-Bois	3660601028574	VBF60120	new	1732	Vis de charpente	TRUE
VBF60140	Vis bois VBF 6,0 x 140 galva rés.	Vis VBF pour bois – Acier carbone galvanisé bleu | Haute résistance & vissage facile La vis VBF en acier au carbone galvanisé est spécialement conçue pour les travaux de construction en bois. Elle offre un vissage rapide, propre et sans effort, grâce à sa pointe spécifique et à ses nervures de fraisage qui réduisent le couple et limitent le risque de fissuration du bois. Avantages de la vis Tête fraisée 90° avec nervures de fraisage pour un vissage affleurant et professionnel • Pointe spéciale pour bois, garantissant une pénétration rapide et précise • Empreinte TX antidérapante, évite le ripage et améliore le confort de vissage • Filetage partiel flottant, réduisant fortement l’effort lors de l’assemblage • Adaptée aux classes d’utilisation 1 et 2 (norme DIN EN 1995 – Eurocode 5) • Excellente résistance mécanique pour structures, charpentes et menuiseries • Certification ATE : qualité et performance garanties Pourquoi choisir nos vis VBF ? Fiables, durables et faciles à utiliser, les vis VBF sont idéales pour tous les projets de charpente, ossature bois, menuiserie ou assemblages exigeant solidité et précision.	https://www.vis-a-bois.com/produit/vbf60140	https://lqsbsinycyewdvdtbruy.supabase.co/storage/v1/object/public/product-images/8e90f441-f6a0-42a0-936f-241c5ecaa693/b9187ae6-e942-4894-8206-22018afaaa9f-vis-vbf.jpg	in_stock	31.00 EUR		Vis-à-Bois	3660601028581	VBF60140	new	1732	Vis de charpente	TRUE
VBF60160	Vis bois VBF 6,0 x 160 galva rés.	Vis VBF pour bois – Acier carbone galvanisé bleu | Haute résistance & vissage facile La vis VBF en acier au carbone galvanisé est spécialement conçue pour les travaux de construction en bois. Elle offre un vissage rapide, propre et sans effort, grâce à sa pointe spécifique et à ses nervures de fraisage qui réduisent le couple et limitent le risque de fissuration du bois. Avantages de la vis Tête fraisée 90° avec nervures de fraisage pour un vissage affleurant et professionnel • Pointe spéciale pour bois, garantissant une pénétration rapide et précise • Empreinte TX antidérapante, évite le ripage et améliore le confort de vissage • Filetage partiel flottant, réduisant fortement l’effort lors de l’assemblage • Adaptée aux classes d’utilisation 1 et 2 (norme DIN EN 1995 – Eurocode 5) • Excellente résistance mécanique pour structures, charpentes et menuiseries • Certification ATE : qualité et performance garanties Pourquoi choisir nos vis VBF ? Fiables, durables et faciles à utiliser, les vis VBF sont idéales pour tous les projets de charpente, ossature bois, menuiserie ou assemblages exigeant solidité et précision.	https://www.vis-a-bois.com/produit/vbf60160	https://lqsbsinycyewdvdtbruy.supabase.co/storage/v1/object/public/product-images/8e90f441-f6a0-42a0-936f-241c5ecaa693/b9187ae6-e942-4894-8206-22018afaaa9f-vis-vbf.jpg	in_stock	42.00 EUR		Vis-à-Bois	3660601028598	VBF60160	new	1732	Vis de charpente	TRUE
VBF60180	Vis bois VBF 6,0 x 180 galva rés.	Vis VBF pour bois – Acier carbone galvanisé bleu | Haute résistance & vissage facile La vis VBF en acier au carbone galvanisé est spécialement conçue pour les travaux de construction en bois. Elle offre un vissage rapide, propre et sans effort, grâce à sa pointe spécifique et à ses nervures de fraisage qui réduisent le couple et limitent le risque de fissuration du bois. Avantages de la vis Tête fraisée 90° avec nervures de fraisage pour un vissage affleurant et professionnel • Pointe spéciale pour bois, garantissant une pénétration rapide et précise • Empreinte TX antidérapante, évite le ripage et améliore le confort de vissage • Filetage partiel flottant, réduisant fortement l’effort lors de l’assemblage • Adaptée aux classes d’utilisation 1 et 2 (norme DIN EN 1995 – Eurocode 5) • Excellente résistance mécanique pour structures, charpentes et menuiseries • Certification ATE : qualité et performance garanties Pourquoi choisir nos vis VBF ? Fiables, durables et faciles à utiliser, les vis VBF sont idéales pour tous les projets de charpente, ossature bois, menuiserie ou assemblages exigeant solidité et précision.	https://www.vis-a-bois.com/produit/vbf60180	https://lqsbsinycyewdvdtbruy.supabase.co/storage/v1/object/public/product-images/8e90f441-f6a0-42a0-936f-241c5ecaa693/b9187ae6-e942-4894-8206-22018afaaa9f-vis-vbf.jpg	in_stock	67.00 EUR		Vis-à-Bois	3660601028604	VBF60180	new	1732	Vis de charpente	TRUE
VBF60200	Vis bois VBF 6,0 x 200 galva rés.	Vis VBF pour bois – Acier carbone galvanisé bleu | Haute résistance & vissage facile La vis VBF en acier au carbone galvanisé est spécialement conçue pour les travaux de construction en bois. Elle offre un vissage rapide, propre et sans effort, grâce à sa pointe spécifique et à ses nervures de fraisage qui réduisent le couple et limitent le risque de fissuration du bois. Avantages de la vis Tête fraisée 90° avec nervures de fraisage pour un vissage affleurant et professionnel • Pointe spéciale pour bois, garantissant une pénétration rapide et précise • Empreinte TX antidérapante, évite le ripage et améliore le confort de vissage • Filetage partiel flottant, réduisant fortement l’effort lors de l’assemblage • Adaptée aux classes d’utilisation 1 et 2 (norme DIN EN 1995 – Eurocode 5) • Excellente résistance mécanique pour structures, charpentes et menuiseries • Certification ATE : qualité et performance garanties Pourquoi choisir nos vis VBF ? Fiables, durables et faciles à utiliser, les vis VBF sont idéales pour tous les projets de charpente, ossature bois, menuiserie ou assemblages exigeant solidité et précision.	https://www.vis-a-bois.com/produit/vbf60200	https://lqsbsinycyewdvdtbruy.supabase.co/storage/v1/object/public/product-images/8e90f441-f6a0-42a0-936f-241c5ecaa693/b9187ae6-e942-4894-8206-22018afaaa9f-vis-vbf.jpg	in_stock	81.00 EUR		Vis-à-Bois	3660601028611	VBF60200	new	1732	Vis de charpente	TRUE
VBF60220	Vis bois VBF 6,0 x 220 galva rés.	Vis VBF pour bois – Acier carbone galvanisé bleu | Haute résistance & vissage facile La vis VBF en acier au carbone galvanisé est spécialement conçue pour les travaux de construction en bois. Elle offre un vissage rapide, propre et sans effort, grâce à sa pointe spécifique et à ses nervures de fraisage qui réduisent le couple et limitent le risque de fissuration du bois. Avantages de la vis Tête fraisée 90° avec nervures de fraisage pour un vissage affleurant et professionnel • Pointe spéciale pour bois, garantissant une pénétration rapide et précise • Empreinte TX antidérapante, évite le ripage et améliore le confort de vissage • Filetage partiel flottant, réduisant fortement l’effort lors de l’assemblage • Adaptée aux classes d’utilisation 1 et 2 (norme DIN EN 1995 – Eurocode 5) • Excellente résistance mécanique pour structures, charpentes et menuiseries • Certification ATE : qualité et performance garanties Pourquoi choisir nos vis VBF ? Fiables, durables et faciles à utiliser, les vis VBF sont idéales pour tous les projets de charpente, ossature bois, menuiserie ou assemblages exigeant solidité et précision.	https://www.vis-a-bois.com/produit/vbf60220	https://lqsbsinycyewdvdtbruy.supabase.co/storage/v1/object/public/product-images/8e90f441-f6a0-42a0-936f-241c5ecaa693/b9187ae6-e942-4894-8206-22018afaaa9f-vis-vbf.jpg	in_stock	93.00 EUR		Vis-à-Bois	3660601028628	VBF60220	new	1732	Vis de charpente	TRUE
VBF60240	Vis bois VBF 6,0 x 240 galva rés.	Vis VBF pour bois – Acier carbone galvanisé bleu | Haute résistance & vissage facile La vis VBF en acier au carbone galvanisé est spécialement conçue pour les travaux de construction en bois. Elle offre un vissage rapide, propre et sans effort, grâce à sa pointe spécifique et à ses nervures de fraisage qui réduisent le couple et limitent le risque de fissuration du bois. Avantages de la vis Tête fraisée 90° avec nervures de fraisage pour un vissage affleurant et professionnel • Pointe spéciale pour bois, garantissant une pénétration rapide et précise • Empreinte TX antidérapante, évite le ripage et améliore le confort de vissage • Filetage partiel flottant, réduisant fortement l’effort lors de l’assemblage • Adaptée aux classes d’utilisation 1 et 2 (norme DIN EN 1995 – Eurocode 5) • Excellente résistance mécanique pour structures, charpentes et menuiseries • Certification ATE : qualité et performance garanties Pourquoi choisir nos vis VBF ? Fiables, durables et faciles à utiliser, les vis VBF sont idéales pour tous les projets de charpente, ossature bois, menuiserie ou assemblages exigeant solidité et précision.	https://www.vis-a-bois.com/produit/vbf60240	https://lqsbsinycyewdvdtbruy.supabase.co/storage/v1/object/public/product-images/8e90f441-f6a0-42a0-936f-241c5ecaa693/b9187ae6-e942-4894-8206-22018afaaa9f-vis-vbf.jpg	in_stock	111.00 EUR		Vis-à-Bois	3660601028635	VBF60240	new	1732	Vis de charpente	TRUE
VBF60260	Vis bois VBF 6,0 x 260 galva rés.	Vis VBF pour bois – Acier carbone galvanisé bleu | Haute résistance & vissage facile La vis VBF en acier au carbone galvanisé est spécialement conçue pour les travaux de construction en bois. Elle offre un vissage rapide, propre et sans effort, grâce à sa pointe spécifique et à ses nervures de fraisage qui réduisent le couple et limitent le risque de fissuration du bois. Avantages de la vis Tête fraisée 90° avec nervures de fraisage pour un vissage affleurant et professionnel • Pointe spéciale pour bois, garantissant une pénétration rapide et précise • Empreinte TX antidérapante, évite le ripage et améliore le confort de vissage • Filetage partiel flottant, réduisant fortement l’effort lors de l’assemblage • Adaptée aux classes d’utilisation 1 et 2 (norme DIN EN 1995 – Eurocode 5) • Excellente résistance mécanique pour structures, charpentes et menuiseries • Certification ATE : qualité et performance garanties Pourquoi choisir nos vis VBF ? Fiables, durables et faciles à utiliser, les vis VBF sont idéales pour tous les projets de charpente, ossature bois, menuiserie ou assemblages exigeant solidité et précision.	https://www.vis-a-bois.com/produit/vbf60260	https://lqsbsinycyewdvdtbruy.supabase.co/storage/v1/object/public/product-images/8e90f441-f6a0-42a0-936f-241c5ecaa693/b9187ae6-e942-4894-8206-22018afaaa9f-vis-vbf.jpg	in_stock	128.00 EUR		Vis-à-Bois	3660601028642	VBF60260	new	1732	Vis de charpente	TRUE
VBF60280	Vis bois VBF 6,0 x 280 galva rés.	Vis VBF pour bois – Acier carbone galvanisé bleu | Haute résistance & vissage facile La vis VBF en acier au carbone galvanisé est spécialement conçue pour les travaux de construction en bois. Elle offre un vissage rapide, propre et sans effort, grâce à sa pointe spécifique et à ses nervures de fraisage qui réduisent le couple et limitent le risque de fissuration du bois. Avantages de la vis Tête fraisée 90° avec nervures de fraisage pour un vissage affleurant et professionnel • Pointe spéciale pour bois, garantissant une pénétration rapide et précise • Empreinte TX antidérapante, évite le ripage et améliore le confort de vissage • Filetage partiel flottant, réduisant fortement l’effort lors de l’assemblage • Adaptée aux classes d’utilisation 1 et 2 (norme DIN EN 1995 – Eurocode 5) • Excellente résistance mécanique pour structures, charpentes et menuiseries • Certification ATE : qualité et performance garanties Pourquoi choisir nos vis VBF ? Fiables, durables et faciles à utiliser, les vis VBF sont idéales pour tous les projets de charpente, ossature bois, menuiserie ou assemblages exigeant solidité et précision.	https://www.vis-a-bois.com/produit/vbf60280	https://lqsbsinycyewdvdtbruy.supabase.co/storage/v1/object/public/product-images/8e90f441-f6a0-42a0-936f-241c5ecaa693/b9187ae6-e942-4894-8206-22018afaaa9f-vis-vbf.jpg	in_stock	141.00 EUR		Vis-à-Bois	3660601028659	VBF60280	new	1732	Vis de charpente	TRUE
VBF60300	Vis bois VBF 6,0 x 300 galva rés.	Vis VBF pour bois – Acier carbone galvanisé bleu | Haute résistance & vissage facile La vis VBF en acier au carbone galvanisé est spécialement conçue pour les travaux de construction en bois. Elle offre un vissage rapide, propre et sans effort, grâce à sa pointe spécifique et à ses nervures de fraisage qui réduisent le couple et limitent le risque de fissuration du bois. Avantages de la vis Tête fraisée 90° avec nervures de fraisage pour un vissage affleurant et professionnel • Pointe spéciale pour bois, garantissant une pénétration rapide et précise • Empreinte TX antidérapante, évite le ripage et améliore le confort de vissage • Filetage partiel flottant, réduisant fortement l’effort lors de l’assemblage • Adaptée aux classes d’utilisation 1 et 2 (norme DIN EN 1995 – Eurocode 5) • Excellente résistance mécanique pour structures, charpentes et menuiseries • Certification ATE : qualité et performance garanties Pourquoi choisir nos vis VBF ? Fiables, durables et faciles à utiliser, les vis VBF sont idéales pour tous les projets de charpente, ossature bois, menuiserie ou assemblages exigeant solidité et précision.	https://www.vis-a-bois.com/produit/vbf60300	https://lqsbsinycyewdvdtbruy.supabase.co/storage/v1/object/public/product-images/8e90f441-f6a0-42a0-936f-241c5ecaa693/b9187ae6-e942-4894-8206-22018afaaa9f-vis-vbf.jpg	in_stock	158.00 EUR		Vis-à-Bois	3660601028666	VBF60300	new	1732	Vis de charpente	TRUE
VBF60060	Vis bois VBF 6,0 x 60 galva rés.	Vis VBF pour bois – Acier carbone galvanisé bleu | Haute résistance & vissage facile La vis VBF en acier au carbone galvanisé est spécialement conçue pour les travaux de construction en bois. Elle offre un vissage rapide, propre et sans effort, grâce à sa pointe spécifique et à ses nervures de fraisage qui réduisent le couple et limitent le risque de fissuration du bois. Avantages de la vis Tête fraisée 90° avec nervures de fraisage pour un vissage affleurant et professionnel • Pointe spéciale pour bois, garantissant une pénétration rapide et précise • Empreinte TX antidérapante, évite le ripage et améliore le confort de vissage • Filetage partiel flottant, réduisant fortement l’effort lors de l’assemblage • Adaptée aux classes d’utilisation 1 et 2 (norme DIN EN 1995 – Eurocode 5) • Excellente résistance mécanique pour structures, charpentes et menuiseries • Certification ATE : qualité et performance garanties Pourquoi choisir nos vis VBF ? Fiables, durables et faciles à utiliser, les vis VBF sont idéales pour tous les projets de charpente, ossature bois, menuiserie ou assemblages exigeant solidité et précision.	https://www.vis-a-bois.com/produit/vbf60060	https://lqsbsinycyewdvdtbruy.supabase.co/storage/v1/object/public/product-images/8e90f441-f6a0-42a0-936f-241c5ecaa693/b9187ae6-e942-4894-8206-22018afaaa9f-vis-vbf.jpg	in_stock	21.00 EUR		Vis-à-Bois	3660601028543	VBF60060	new	1732	Vis de charpente	TRUE
VBF60080	Vis bois VBF 6,0 x 80 galva rés.	Vis VBF pour bois – Acier carbone galvanisé bleu | Haute résistance & vissage facile La vis VBF en acier au carbone galvanisé est spécialement conçue pour les travaux de construction en bois. Elle offre un vissage rapide, propre et sans effort, grâce à sa pointe spécifique et à ses nervures de fraisage qui réduisent le couple et limitent le risque de fissuration du bois. Avantages de la vis Tête fraisée 90° avec nervures de fraisage pour un vissage affleurant et professionnel • Pointe spéciale pour bois, garantissant une pénétration rapide et précise • Empreinte TX antidérapante, évite le ripage et améliore le confort de vissage • Filetage partiel flottant, réduisant fortement l’effort lors de l’assemblage • Adaptée aux classes d’utilisation 1 et 2 (norme DIN EN 1995 – Eurocode 5) • Excellente résistance mécanique pour structures, charpentes et menuiseries • Certification ATE : qualité et performance garanties Pourquoi choisir nos vis VBF ? Fiables, durables et faciles à utiliser, les vis VBF sont idéales pour tous les projets de charpente, ossature bois, menuiserie ou assemblages exigeant solidité et précision.	https://www.vis-a-bois.com/produit/vbf60080	https://lqsbsinycyewdvdtbruy.supabase.co/storage/v1/object/public/product-images/8e90f441-f6a0-42a0-936f-241c5ecaa693/b9187ae6-e942-4894-8206-22018afaaa9f-vis-vbf.jpg	in_stock	28.00 EUR		Vis-à-Bois	3660601028550	VBF60080	new	1732	Vis de charpente	TRUE
VBF80120	Vis bois VBF 8,0 x 120 galva+	Vis VBF pour bois – Acier carbone galvanisé bleu | Haute résistance & vissage facile La vis VBF en acier au carbone galvanisé est spécialement conçue pour les travaux de construction en bois. Elle offre un vissage rapide, propre et sans effort, grâce à sa pointe spécifique et à ses nervures de fraisage qui réduisent le couple et limitent le risque de fissuration du bois. Avantages de la vis Tête fraisée 90° avec nervures de fraisage pour un vissage affleurant et professionnel • Pointe spéciale pour bois, garantissant une pénétration rapide et précise • Empreinte TX antidérapante, évite le ripage et améliore le confort de vissage • Filetage partiel flottant, réduisant fortement l’effort lors de l’assemblage • Adaptée aux classes d’utilisation 1 et 2 (norme DIN EN 1995 – Eurocode 5) • Excellente résistance mécanique pour structures, charpentes et menuiseries • Certification ATE : qualité et performance garanties Pourquoi choisir nos vis VBF ? Fiables, durables et faciles à utiliser, les vis VBF sont idéales pour tous les projets de charpente, ossature bois, menuiserie ou assemblages exigeant solidité et précision.	https://www.vis-a-bois.com/produit/vbf80120	https://lqsbsinycyewdvdtbruy.supabase.co/storage/v1/object/public/product-images/8e90f441-f6a0-42a0-936f-241c5ecaa693/b9187ae6-e942-4894-8206-22018afaaa9f-vis-vbf.jpg	in_stock	23.00 EUR		Vis-à-Bois	3660601053217	VBF80120	new	1732	Vis de charpente	TRUE
VBF80140	Vis bois VBF 8,0 x 140 galva+	Vis VBF pour bois – Acier carbone galvanisé bleu | Haute résistance & vissage facile La vis VBF en acier au carbone galvanisé est spécialement conçue pour les travaux de construction en bois. Elle offre un vissage rapide, propre et sans effort, grâce à sa pointe spécifique et à ses nervures de fraisage qui réduisent le couple et limitent le risque de fissuration du bois. Avantages de la vis Tête fraisée 90° avec nervures de fraisage pour un vissage affleurant et professionnel • Pointe spéciale pour bois, garantissant une pénétration rapide et précise • Empreinte TX antidérapante, évite le ripage et améliore le confort de vissage • Filetage partiel flottant, réduisant fortement l’effort lors de l’assemblage • Adaptée aux classes d’utilisation 1 et 2 (norme DIN EN 1995 – Eurocode 5) • Excellente résistance mécanique pour structures, charpentes et menuiseries • Certification ATE : qualité et performance garanties Pourquoi choisir nos vis VBF ? Fiables, durables et faciles à utiliser, les vis VBF sont idéales pour tous les projets de charpente, ossature bois, menuiserie ou assemblages exigeant solidité et précision.	https://www.vis-a-bois.com/produit/vbf80140	https://lqsbsinycyewdvdtbruy.supabase.co/storage/v1/object/public/product-images/8e90f441-f6a0-42a0-936f-241c5ecaa693/b9187ae6-e942-4894-8206-22018afaaa9f-vis-vbf.jpg	in_stock	30.00 EUR		Vis-à-Bois	3660601053224	VBF80140	new	1732	Vis de charpente	TRUE
VBF80160	Vis bois VBF 8,0 x 160 galva+	Vis VBF pour bois – Acier carbone galvanisé bleu | Haute résistance & vissage facile La vis VBF en acier au carbone galvanisé est spécialement conçue pour les travaux de construction en bois. Elle offre un vissage rapide, propre et sans effort, grâce à sa pointe spécifique et à ses nervures de fraisage qui réduisent le couple et limitent le risque de fissuration du bois. Avantages de la vis Tête fraisée 90° avec nervures de fraisage pour un vissage affleurant et professionnel • Pointe spéciale pour bois, garantissant une pénétration rapide et précise • Empreinte TX antidérapante, évite le ripage et améliore le confort de vissage • Filetage partiel flottant, réduisant fortement l’effort lors de l’assemblage • Adaptée aux classes d’utilisation 1 et 2 (norme DIN EN 1995 – Eurocode 5) • Excellente résistance mécanique pour structures, charpentes et menuiseries • Certification ATE : qualité et performance garanties Pourquoi choisir nos vis VBF ? Fiables, durables et faciles à utiliser, les vis VBF sont idéales pour tous les projets de charpente, ossature bois, menuiserie ou assemblages exigeant solidité et précision.	https://www.vis-a-bois.com/produit/vbf80160	https://lqsbsinycyewdvdtbruy.supabase.co/storage/v1/object/public/product-images/8e90f441-f6a0-42a0-936f-241c5ecaa693/b9187ae6-e942-4894-8206-22018afaaa9f-vis-vbf.jpg	in_stock	36.00 EUR		Vis-à-Bois	3660601052135	VBF80160	new	1732	Vis de charpente	TRUE
VBF80180	Vis bois VBF 8,0 x 180 galva+	Vis VBF pour bois – Acier carbone galvanisé bleu | Haute résistance & vissage facile La vis VBF en acier au carbone galvanisé est spécialement conçue pour les travaux de construction en bois. Elle offre un vissage rapide, propre et sans effort, grâce à sa pointe spécifique et à ses nervures de fraisage qui réduisent le couple et limitent le risque de fissuration du bois. Avantages de la vis Tête fraisée 90° avec nervures de fraisage pour un vissage affleurant et professionnel • Pointe spéciale pour bois, garantissant une pénétration rapide et précise • Empreinte TX antidérapante, évite le ripage et améliore le confort de vissage • Filetage partiel flottant, réduisant fortement l’effort lors de l’assemblage • Adaptée aux classes d’utilisation 1 et 2 (norme DIN EN 1995 – Eurocode 5) • Excellente résistance mécanique pour structures, charpentes et menuiseries • Certification ATE : qualité et performance garanties Pourquoi choisir nos vis VBF ? Fiables, durables et faciles à utiliser, les vis VBF sont idéales pour tous les projets de charpente, ossature bois, menuiserie ou assemblages exigeant solidité et précision.	https://www.vis-a-bois.com/produit/vbf80180	https://lqsbsinycyewdvdtbruy.supabase.co/storage/v1/object/public/product-images/8e90f441-f6a0-42a0-936f-241c5ecaa693/b9187ae6-e942-4894-8206-22018afaaa9f-vis-vbf.jpg	in_stock	43.00 EUR		Vis-à-Bois	3660601051664	VBF80180	new	1732	Vis de charpente	TRUE
VBF80200	Vis bois VBF 8,0 x 200 galva+	Vis VBF pour bois – Acier carbone galvanisé bleu | Haute résistance & vissage facile La vis VBF en acier au carbone galvanisé est spécialement conçue pour les travaux de construction en bois. Elle offre un vissage rapide, propre et sans effort, grâce à sa pointe spécifique et à ses nervures de fraisage qui réduisent le couple et limitent le risque de fissuration du bois. Avantages de la vis Tête fraisée 90° avec nervures de fraisage pour un vissage affleurant et professionnel • Pointe spéciale pour bois, garantissant une pénétration rapide et précise • Empreinte TX antidérapante, évite le ripage et améliore le confort de vissage • Filetage partiel flottant, réduisant fortement l’effort lors de l’assemblage • Adaptée aux classes d’utilisation 1 et 2 (norme DIN EN 1995 – Eurocode 5) • Excellente résistance mécanique pour structures, charpentes et menuiseries • Certification ATE : qualité et performance garanties Pourquoi choisir nos vis VBF ? Fiables, durables et faciles à utiliser, les vis VBF sont idéales pour tous les projets de charpente, ossature bois, menuiserie ou assemblages exigeant solidité et précision.	https://www.vis-a-bois.com/produit/vbf80200	https://lqsbsinycyewdvdtbruy.supabase.co/storage/v1/object/public/product-images/8e90f441-f6a0-42a0-936f-241c5ecaa693/b9187ae6-e942-4894-8206-22018afaaa9f-vis-vbf.jpg	in_stock	52.00 EUR		Vis-à-Bois	3660601051435	VBF80200	new	1732	Vis de charpente	TRUE
VBF80220	Vis bois VBF 8,0 x 220 galva+	Vis VBF pour bois – Acier carbone galvanisé bleu | Haute résistance & vissage facile La vis VBF en acier au carbone galvanisé est spécialement conçue pour les travaux de construction en bois. Elle offre un vissage rapide, propre et sans effort, grâce à sa pointe spécifique et à ses nervures de fraisage qui réduisent le couple et limitent le risque de fissuration du bois. Avantages de la vis Tête fraisée 90° avec nervures de fraisage pour un vissage affleurant et professionnel • Pointe spéciale pour bois, garantissant une pénétration rapide et précise • Empreinte TX antidérapante, évite le ripage et améliore le confort de vissage • Filetage partiel flottant, réduisant fortement l’effort lors de l’assemblage • Adaptée aux classes d’utilisation 1 et 2 (norme DIN EN 1995 – Eurocode 5) • Excellente résistance mécanique pour structures, charpentes et menuiseries • Certification ATE : qualité et performance garanties Pourquoi choisir nos vis VBF ? Fiables, durables et faciles à utiliser, les vis VBF sont idéales pour tous les projets de charpente, ossature bois, menuiserie ou assemblages exigeant solidité et précision.	https://www.vis-a-bois.com/produit/vbf80220	https://lqsbsinycyewdvdtbruy.supabase.co/storage/v1/object/public/product-images/8e90f441-f6a0-42a0-936f-241c5ecaa693/b9187ae6-e942-4894-8206-22018afaaa9f-vis-vbf.jpg	in_stock	61.00 EUR		Vis-à-Bois	3660601053477	VBF80220	new	1732	Vis de charpente	TRUE
VBF80240	Vis bois VBF 8,0 x 240 galva+	Vis VBF pour bois – Acier carbone galvanisé bleu | Haute résistance & vissage facile La vis VBF en acier au carbone galvanisé est spécialement conçue pour les travaux de construction en bois. Elle offre un vissage rapide, propre et sans effort, grâce à sa pointe spécifique et à ses nervures de fraisage qui réduisent le couple et limitent le risque de fissuration du bois. Avantages de la vis Tête fraisée 90° avec nervures de fraisage pour un vissage affleurant et professionnel • Pointe spéciale pour bois, garantissant une pénétration rapide et précise • Empreinte TX antidérapante, évite le ripage et améliore le confort de vissage • Filetage partiel flottant, réduisant fortement l’effort lors de l’assemblage • Adaptée aux classes d’utilisation 1 et 2 (norme DIN EN 1995 – Eurocode 5) • Excellente résistance mécanique pour structures, charpentes et menuiseries • Certification ATE : qualité et performance garanties Pourquoi choisir nos vis VBF ? Fiables, durables et faciles à utiliser, les vis VBF sont idéales pour tous les projets de charpente, ossature bois, menuiserie ou assemblages exigeant solidité et précision.	https://www.vis-a-bois.com/produit/vbf80240	https://lqsbsinycyewdvdtbruy.supabase.co/storage/v1/object/public/product-images/8e90f441-f6a0-42a0-936f-241c5ecaa693/b9187ae6-e942-4894-8206-22018afaaa9f-vis-vbf.jpg	in_stock	69.00 EUR		Vis-à-Bois	3660601053231	VBF80240	new	1732	Vis de charpente	TRUE
VBF80260	Vis bois VBF 8,0 x 260 galva+	Vis VBF pour bois – Acier carbone galvanisé bleu | Haute résistance & vissage facile La vis VBF en acier au carbone galvanisé est spécialement conçue pour les travaux de construction en bois. Elle offre un vissage rapide, propre et sans effort, grâce à sa pointe spécifique et à ses nervures de fraisage qui réduisent le couple et limitent le risque de fissuration du bois. Avantages de la vis Tête fraisée 90° avec nervures de fraisage pour un vissage affleurant et professionnel • Pointe spéciale pour bois, garantissant une pénétration rapide et précise • Empreinte TX antidérapante, évite le ripage et améliore le confort de vissage • Filetage partiel flottant, réduisant fortement l’effort lors de l’assemblage • Adaptée aux classes d’utilisation 1 et 2 (norme DIN EN 1995 – Eurocode 5) • Excellente résistance mécanique pour structures, charpentes et menuiseries • Certification ATE : qualité et performance garanties Pourquoi choisir nos vis VBF ? Fiables, durables et faciles à utiliser, les vis VBF sont idéales pour tous les projets de charpente, ossature bois, menuiserie ou assemblages exigeant solidité et précision.	https://www.vis-a-bois.com/produit/vbf80260	https://lqsbsinycyewdvdtbruy.supabase.co/storage/v1/object/public/product-images/8e90f441-f6a0-42a0-936f-241c5ecaa693/b9187ae6-e942-4894-8206-22018afaaa9f-vis-vbf.jpg	in_stock	79.00 EUR		Vis-à-Bois	3660601053248	VBF80260	new	1732	Vis de charpente	TRUE
VBF80280	Vis bois VBF 8,0 x 280 galva+	Vis VBF pour bois – Acier carbone galvanisé bleu | Haute résistance & vissage facile La vis VBF en acier au carbone galvanisé est spécialement conçue pour les travaux de construction en bois. Elle offre un vissage rapide, propre et sans effort, grâce à sa pointe spécifique et à ses nervures de fraisage qui réduisent le couple et limitent le risque de fissuration du bois. Avantages de la vis Tête fraisée 90° avec nervures de fraisage pour un vissage affleurant et professionnel • Pointe spéciale pour bois, garantissant une pénétration rapide et précise • Empreinte TX antidérapante, évite le ripage et améliore le confort de vissage • Filetage partiel flottant, réduisant fortement l’effort lors de l’assemblage • Adaptée aux classes d’utilisation 1 et 2 (norme DIN EN 1995 – Eurocode 5) • Excellente résistance mécanique pour structures, charpentes et menuiseries • Certification ATE : qualité et performance garanties Pourquoi choisir nos vis VBF ? Fiables, durables et faciles à utiliser, les vis VBF sont idéales pour tous les projets de charpente, ossature bois, menuiserie ou assemblages exigeant solidité et précision.	https://www.vis-a-bois.com/produit/vbf80280	https://lqsbsinycyewdvdtbruy.supabase.co/storage/v1/object/public/product-images/8e90f441-f6a0-42a0-936f-241c5ecaa693/b9187ae6-e942-4894-8206-22018afaaa9f-vis-vbf.jpg	in_stock	87.00 EUR		Vis-à-Bois	3660601053255	VBF80280	new	1732	Vis de charpente	TRUE
VBF80300	Vis bois VBF 8,0 x 300 galva+	Vis VBF pour bois – Acier carbone galvanisé bleu | Haute résistance & vissage facile La vis VBF en acier au carbone galvanisé est spécialement conçue pour les travaux de construction en bois. Elle offre un vissage rapide, propre et sans effort, grâce à sa pointe spécifique et à ses nervures de fraisage qui réduisent le couple et limitent le risque de fissuration du bois. Avantages de la vis Tête fraisée 90° avec nervures de fraisage pour un vissage affleurant et professionnel • Pointe spéciale pour bois, garantissant une pénétration rapide et précise • Empreinte TX antidérapante, évite le ripage et améliore le confort de vissage • Filetage partiel flottant, réduisant fortement l’effort lors de l’assemblage • Adaptée aux classes d’utilisation 1 et 2 (norme DIN EN 1995 – Eurocode 5) • Excellente résistance mécanique pour structures, charpentes et menuiseries • Certification ATE : qualité et performance garanties Pourquoi choisir nos vis VBF ? Fiables, durables et faciles à utiliser, les vis VBF sont idéales pour tous les projets de charpente, ossature bois, menuiserie ou assemblages exigeant solidité et précision.	https://www.vis-a-bois.com/produit/vbf80300	https://lqsbsinycyewdvdtbruy.supabase.co/storage/v1/object/public/product-images/8e90f441-f6a0-42a0-936f-241c5ecaa693/b9187ae6-e942-4894-8206-22018afaaa9f-vis-vbf.jpg	in_stock	94.00 EUR		Vis-à-Bois	3660601053262	VBF80300	new	1732	Vis de charpente	TRUE
VBF80320	Vis bois VBF 8,0 x 320 galva+	Vis VBF pour bois – Acier carbone galvanisé bleu | Haute résistance & vissage facile La vis VBF en acier au carbone galvanisé est spécialement conçue pour les travaux de construction en bois. Elle offre un vissage rapide, propre et sans effort, grâce à sa pointe spécifique et à ses nervures de fraisage qui réduisent le couple et limitent le risque de fissuration du bois. Avantages de la vis Tête fraisée 90° avec nervures de fraisage pour un vissage affleurant et professionnel • Pointe spéciale pour bois, garantissant une pénétration rapide et précise • Empreinte TX antidérapante, évite le ripage et améliore le confort de vissage • Filetage partiel flottant, réduisant fortement l’effort lors de l’assemblage • Adaptée aux classes d’utilisation 1 et 2 (norme DIN EN 1995 – Eurocode 5) • Excellente résistance mécanique pour structures, charpentes et menuiseries • Certification ATE : qualité et performance garanties Pourquoi choisir nos vis VBF ? Fiables, durables et faciles à utiliser, les vis VBF sont idéales pour tous les projets de charpente, ossature bois, menuiserie ou assemblages exigeant solidité et précision.	https://www.vis-a-bois.com/produit/vbf80320	https://lqsbsinycyewdvdtbruy.supabase.co/storage/v1/object/public/product-images/8e90f441-f6a0-42a0-936f-241c5ecaa693/b9187ae6-e942-4894-8206-22018afaaa9f-vis-vbf.jpg	in_stock	109.00 EUR		Vis-à-Bois	3660601053279	VBF80320	new	1732	Vis de charpente	TRUE
VBF80340	Vis bois VBF 8,0 x 340 galva+	Vis VBF pour bois – Acier carbone galvanisé bleu | Haute résistance & vissage facile La vis VBF en acier au carbone galvanisé est spécialement conçue pour les travaux de construction en bois. Elle offre un vissage rapide, propre et sans effort, grâce à sa pointe spécifique et à ses nervures de fraisage qui réduisent le couple et limitent le risque de fissuration du bois. Avantages de la vis Tête fraisée 90° avec nervures de fraisage pour un vissage affleurant et professionnel • Pointe spéciale pour bois, garantissant une pénétration rapide et précise • Empreinte TX antidérapante, évite le ripage et améliore le confort de vissage • Filetage partiel flottant, réduisant fortement l’effort lors de l’assemblage • Adaptée aux classes d’utilisation 1 et 2 (norme DIN EN 1995 – Eurocode 5) • Excellente résistance mécanique pour structures, charpentes et menuiseries • Certification ATE : qualité et performance garanties Pourquoi choisir nos vis VBF ? Fiables, durables et faciles à utiliser, les vis VBF sont idéales pour tous les projets de charpente, ossature bois, menuiserie ou assemblages exigeant solidité et précision.	https://www.vis-a-bois.com/produit/vbf80340	https://lqsbsinycyewdvdtbruy.supabase.co/storage/v1/object/public/product-images/8e90f441-f6a0-42a0-936f-241c5ecaa693/b9187ae6-e942-4894-8206-22018afaaa9f-vis-vbf.jpg	in_stock	119.00 EUR		Vis-à-Bois	3660601053286	VBF80340	new	1732	Vis de charpente	TRUE
VBF80360	Vis bois VBF 8,0 x 360 galva+	Vis VBF pour bois – Acier carbone galvanisé bleu | Haute résistance & vissage facile La vis VBF en acier au carbone galvanisé est spécialement conçue pour les travaux de construction en bois. Elle offre un vissage rapide, propre et sans effort, grâce à sa pointe spécifique et à ses nervures de fraisage qui réduisent le couple et limitent le risque de fissuration du bois. Avantages de la vis Tête fraisée 90° avec nervures de fraisage pour un vissage affleurant et professionnel • Pointe spéciale pour bois, garantissant une pénétration rapide et précise • Empreinte TX antidérapante, évite le ripage et améliore le confort de vissage • Filetage partiel flottant, réduisant fortement l’effort lors de l’assemblage • Adaptée aux classes d’utilisation 1 et 2 (norme DIN EN 1995 – Eurocode 5) • Excellente résistance mécanique pour structures, charpentes et menuiseries • Certification ATE : qualité et performance garanties Pourquoi choisir nos vis VBF ? Fiables, durables et faciles à utiliser, les vis VBF sont idéales pour tous les projets de charpente, ossature bois, menuiserie ou assemblages exigeant solidité et précision.	https://www.vis-a-bois.com/produit/vbf80360	https://lqsbsinycyewdvdtbruy.supabase.co/storage/v1/object/public/product-images/8e90f441-f6a0-42a0-936f-241c5ecaa693/b9187ae6-e942-4894-8206-22018afaaa9f-vis-vbf.jpg	in_stock	127.00 EUR		Vis-à-Bois	3660601053484	VBF80360	new	1732	Vis de charpente	TRUE
VBF80380	Vis bois VBF 8,0 x 380 galva+	Vis VBF pour bois – Acier carbone galvanisé bleu | Haute résistance & vissage facile La vis VBF en acier au carbone galvanisé est spécialement conçue pour les travaux de construction en bois. Elle offre un vissage rapide, propre et sans effort, grâce à sa pointe spécifique et à ses nervures de fraisage qui réduisent le couple et limitent le risque de fissuration du bois. Avantages de la vis Tête fraisée 90° avec nervures de fraisage pour un vissage affleurant et professionnel • Pointe spéciale pour bois, garantissant une pénétration rapide et précise • Empreinte TX antidérapante, évite le ripage et améliore le confort de vissage • Filetage partiel flottant, réduisant fortement l’effort lors de l’assemblage • Adaptée aux classes d’utilisation 1 et 2 (norme DIN EN 1995 – Eurocode 5) • Excellente résistance mécanique pour structures, charpentes et menuiseries • Certification ATE : qualité et performance garanties Pourquoi choisir nos vis VBF ? Fiables, durables et faciles à utiliser, les vis VBF sont idéales pour tous les projets de charpente, ossature bois, menuiserie ou assemblages exigeant solidité et précision.	https://www.vis-a-bois.com/produit/vbf80380	https://lqsbsinycyewdvdtbruy.supabase.co/storage/v1/object/public/product-images/8e90f441-f6a0-42a0-936f-241c5ecaa693/b9187ae6-e942-4894-8206-22018afaaa9f-vis-vbf.jpg	in_stock	138.00 EUR		Vis-à-Bois	3660601053491	VBF80380	new	1732	Vis de charpente	TRUE
VBF80400	Vis bois VBF 8,0 x 400 galva+	Vis VBF pour bois – Acier carbone galvanisé bleu | Haute résistance & vissage facile La vis VBF en acier au carbone galvanisé est spécialement conçue pour les travaux de construction en bois. Elle offre un vissage rapide, propre et sans effort, grâce à sa pointe spécifique et à ses nervures de fraisage qui réduisent le couple et limitent le risque de fissuration du bois. Avantages de la vis Tête fraisée 90° avec nervures de fraisage pour un vissage affleurant et professionnel • Pointe spéciale pour bois, garantissant une pénétration rapide et précise • Empreinte TX antidérapante, évite le ripage et améliore le confort de vissage • Filetage partiel flottant, réduisant fortement l’effort lors de l’assemblage • Adaptée aux classes d’utilisation 1 et 2 (norme DIN EN 1995 – Eurocode 5) • Excellente résistance mécanique pour structures, charpentes et menuiseries • Certification ATE : qualité et performance garanties Pourquoi choisir nos vis VBF ? Fiables, durables et faciles à utiliser, les vis VBF sont idéales pour tous les projets de charpente, ossature bois, menuiserie ou assemblages exigeant solidité et précision.	https://www.vis-a-bois.com/produit/vbf80400	https://lqsbsinycyewdvdtbruy.supabase.co/storage/v1/object/public/product-images/8e90f441-f6a0-42a0-936f-241c5ecaa693/b9187ae6-e942-4894-8206-22018afaaa9f-vis-vbf.jpg	in_stock	149.00 EUR		Vis-à-Bois	3660601053293	VBF80400	new	1732	Vis de charpente	TRUE
VBL40040	Vis bois VBL 4,0 x 40 galva+	Vis VBL pour bois – Acier carbone galvanisé bleu | Haute résistance & vissage facile La vis VBF en acier au carbone galvanisé est spécialement conçue pour les travaux de construction en bois. Elle offre un vissage rapide, propre et sans effort, grâce à sa pointe spécifique et à ses nervures de fraisage qui réduisent le couple et limitent le risque de fissuration du bois. Avantages de la vis Tête Large • Pointe spéciale pour bois, garantissant une pénétration rapide et précise • Empreinte TX antidérapante, évite le ripage et améliore le confort de vissage • Filetage partiel flottant, réduisant fortement l’effort lors de l’assemblage • Adaptée aux classes d’utilisation 1 et 2 (norme DIN EN 1995 – Eurocode 5) • Excellente résistance mécanique pour structures, charpentes et menuiseries • Certification ATE : qualité et performance garanties Pourquoi choisir nos vis VBF ? Fiables, durables et faciles à utiliser, les vis VBF sont idéales pour tous les projets de charpente, ossature bois, menuiserie ou assemblages exigeant solidité et précision.	https://www.vis-a-bois.com/produit/vbl40040	https://lqsbsinycyewdvdtbruy.supabase.co/storage/v1/object/public/product-images/8e90f441-f6a0-42a0-936f-241c5ecaa693/9509bedf-c38b-4a3f-bb73-3af487f51904-vis-vbl.jpg	in_stock	37.00 EUR		Vis-à-Bois	3660601080695	VBL40040	new	1732	Vis de charpente	TRUE
VBL40050	Vis bois VBL 4,0 x 50 galva+	Vis VBL pour bois – Acier carbone galvanisé bleu | Haute résistance & vissage facile La vis VBF en acier au carbone galvanisé est spécialement conçue pour les travaux de construction en bois. Elle offre un vissage rapide, propre et sans effort, grâce à sa pointe spécifique et à ses nervures de fraisage qui réduisent le couple et limitent le risque de fissuration du bois. Avantages de la vis Tête Large • Pointe spéciale pour bois, garantissant une pénétration rapide et précise • Empreinte TX antidérapante, évite le ripage et améliore le confort de vissage • Filetage partiel flottant, réduisant fortement l’effort lors de l’assemblage • Adaptée aux classes d’utilisation 1 et 2 (norme DIN EN 1995 – Eurocode 5) • Excellente résistance mécanique pour structures, charpentes et menuiseries • Certification ATE : qualité et performance garanties Pourquoi choisir nos vis VBF ? Fiables, durables et faciles à utiliser, les vis VBF sont idéales pour tous les projets de charpente, ossature bois, menuiserie ou assemblages exigeant solidité et précision.	https://www.vis-a-bois.com/produit/vbl40050	https://lqsbsinycyewdvdtbruy.supabase.co/storage/v1/object/public/product-images/8e90f441-f6a0-42a0-936f-241c5ecaa693/a2fac70d-68ac-41df-9ffa-4b91786d2962-vis-vbl.jpg	in_stock	41.00 EUR		Vis-à-Bois	3660601080701	VBL40050	new	1732	Vis de charpente	TRUE
VBL40060	Vis bois VBL 4,0 x 60 galva+	Vis VBL pour bois – Acier carbone galvanisé bleu | Haute résistance & vissage facile La vis VBF en acier au carbone galvanisé est spécialement conçue pour les travaux de construction en bois. Elle offre un vissage rapide, propre et sans effort, grâce à sa pointe spécifique et à ses nervures de fraisage qui réduisent le couple et limitent le risque de fissuration du bois. Avantages de la vis Tête Large • Pointe spéciale pour bois, garantissant une pénétration rapide et précise • Empreinte TX antidérapante, évite le ripage et améliore le confort de vissage • Filetage partiel flottant, réduisant fortement l’effort lors de l’assemblage • Adaptée aux classes d’utilisation 1 et 2 (norme DIN EN 1995 – Eurocode 5) • Excellente résistance mécanique pour structures, charpentes et menuiseries • Certification ATE : qualité et performance garanties Pourquoi choisir nos vis VBF ? Fiables, durables et faciles à utiliser, les vis VBF sont idéales pour tous les projets de charpente, ossature bois, menuiserie ou assemblages exigeant solidité et précision.	https://www.vis-a-bois.com/produit/vbl40060	https://lqsbsinycyewdvdtbruy.supabase.co/storage/v1/object/public/product-images/8e90f441-f6a0-42a0-936f-241c5ecaa693/a2fac70d-68ac-41df-9ffa-4b91786d2962-vis-vbl.jpg	in_stock	45.00 EUR		Vis-à-Bois	3660601080718	VBL40060	new	1732	Vis de charpente	TRUE
VBL45050	Vis bois VBL 4,5 x 50 galva+	Vis VBL pour bois – Acier carbone galvanisé bleu | Haute résistance & vissage facile La vis VBF en acier au carbone galvanisé est spécialement conçue pour les travaux de construction en bois. Elle offre un vissage rapide, propre et sans effort, grâce à sa pointe spécifique et à ses nervures de fraisage qui réduisent le couple et limitent le risque de fissuration du bois. Avantages de la vis Tête Large • Pointe spéciale pour bois, garantissant une pénétration rapide et précise • Empreinte TX antidérapante, évite le ripage et améliore le confort de vissage • Filetage partiel flottant, réduisant fortement l’effort lors de l’assemblage • Adaptée aux classes d’utilisation 1 et 2 (norme DIN EN 1995 – Eurocode 5) • Excellente résistance mécanique pour structures, charpentes et menuiseries • Certification ATE : qualité et performance garanties Pourquoi choisir nos vis VBF ? Fiables, durables et faciles à utiliser, les vis VBF sont idéales pour tous les projets de charpente, ossature bois, menuiserie ou assemblages exigeant solidité et précision.	https://www.vis-a-bois.com/produit/vbl45050	https://lqsbsinycyewdvdtbruy.supabase.co/storage/v1/object/public/product-images/8e90f441-f6a0-42a0-936f-241c5ecaa693/a2fac70d-68ac-41df-9ffa-4b91786d2962-vis-vbl.jpg	in_stock	18.00 EUR		Vis-à-Bois	3660601080725	VBL45050	new	1732	Vis de charpente	TRUE
VBL45060	Vis bois VBL 4,5 x 60 galva+	Vis VBL pour bois – Acier carbone galvanisé bleu | Haute résistance & vissage facile La vis VBF en acier au carbone galvanisé est spécialement conçue pour les travaux de construction en bois. Elle offre un vissage rapide, propre et sans effort, grâce à sa pointe spécifique et à ses nervures de fraisage qui réduisent le couple et limitent le risque de fissuration du bois. Avantages de la vis Tête Large • Pointe spéciale pour bois, garantissant une pénétration rapide et précise • Empreinte TX antidérapante, évite le ripage et améliore le confort de vissage • Filetage partiel flottant, réduisant fortement l’effort lors de l’assemblage • Adaptée aux classes d’utilisation 1 et 2 (norme DIN EN 1995 – Eurocode 5) • Excellente résistance mécanique pour structures, charpentes et menuiseries • Certification ATE : qualité et performance garanties Pourquoi choisir nos vis VBF ? Fiables, durables et faciles à utiliser, les vis VBF sont idéales pour tous les projets de charpente, ossature bois, menuiserie ou assemblages exigeant solidité et précision.	https://www.vis-a-bois.com/produit/vbl45060	https://lqsbsinycyewdvdtbruy.supabase.co/storage/v1/object/public/product-images/8e90f441-f6a0-42a0-936f-241c5ecaa693/a2fac70d-68ac-41df-9ffa-4b91786d2962-vis-vbl.jpg	in_stock	22.00 EUR		Vis-à-Bois	3660601080732	VBL45060	new	1732	Vis de charpente	TRUE
VBL45070	Vis bois VBL 4,5 x 70 galva+	Vis VBL pour bois – Acier carbone galvanisé bleu | Haute résistance & vissage facile La vis VBF en acier au carbone galvanisé est spécialement conçue pour les travaux de construction en bois. Elle offre un vissage rapide, propre et sans effort, grâce à sa pointe spécifique et à ses nervures de fraisage qui réduisent le couple et limitent le risque de fissuration du bois. Avantages de la vis Tête Large • Pointe spéciale pour bois, garantissant une pénétration rapide et précise • Empreinte TX antidérapante, évite le ripage et améliore le confort de vissage • Filetage partiel flottant, réduisant fortement l’effort lors de l’assemblage • Adaptée aux classes d’utilisation 1 et 2 (norme DIN EN 1995 – Eurocode 5) • Excellente résistance mécanique pour structures, charpentes et menuiseries • Certification ATE : qualité et performance garanties Pourquoi choisir nos vis VBF ? Fiables, durables et faciles à utiliser, les vis VBF sont idéales pour tous les projets de charpente, ossature bois, menuiserie ou assemblages exigeant solidité et précision.	https://www.vis-a-bois.com/produit/vbl45070	https://lqsbsinycyewdvdtbruy.supabase.co/storage/v1/object/public/product-images/8e90f441-f6a0-42a0-936f-241c5ecaa693/a2fac70d-68ac-41df-9ffa-4b91786d2962-vis-vbl.jpg	in_stock	26.00 EUR		Vis-à-Bois	3660601080749	VBL45070	new	1732	Vis de charpente	TRUE
VBL50100	Vis bois VBL 5,0 x 100 galva+	Vis VBL pour bois – Acier carbone galvanisé bleu | Haute résistance & vissage facile La vis VBF en acier au carbone galvanisé est spécialement conçue pour les travaux de construction en bois. Elle offre un vissage rapide, propre et sans effort, grâce à sa pointe spécifique et à ses nervures de fraisage qui réduisent le couple et limitent le risque de fissuration du bois. Avantages de la vis Tête Large • Pointe spéciale pour bois, garantissant une pénétration rapide et précise • Empreinte TX antidérapante, évite le ripage et améliore le confort de vissage • Filetage partiel flottant, réduisant fortement l’effort lors de l’assemblage • Adaptée aux classes d’utilisation 1 et 2 (norme DIN EN 1995 – Eurocode 5) • Excellente résistance mécanique pour structures, charpentes et menuiseries • Certification ATE : qualité et performance garanties Pourquoi choisir nos vis VBF ? Fiables, durables et faciles à utiliser, les vis VBF sont idéales pour tous les projets de charpente, ossature bois, menuiserie ou assemblages exigeant solidité et précision.	https://www.vis-a-bois.com/produit/vbl50100	https://lqsbsinycyewdvdtbruy.supabase.co/storage/v1/object/public/product-images/8e90f441-f6a0-42a0-936f-241c5ecaa693/a2fac70d-68ac-41df-9ffa-4b91786d2962-vis-vbl.jpg	in_stock	42.00 EUR		Vis-à-Bois	3660601080794	VBL50100	new	1732	Vis de charpente	TRUE
VBL50050	Vis bois VBL 5,0 x 50 galva+	Vis VBL pour bois – Acier carbone galvanisé bleu | Haute résistance & vissage facile La vis VBF en acier au carbone galvanisé est spécialement conçue pour les travaux de construction en bois. Elle offre un vissage rapide, propre et sans effort, grâce à sa pointe spécifique et à ses nervures de fraisage qui réduisent le couple et limitent le risque de fissuration du bois. Avantages de la vis Tête Large • Pointe spéciale pour bois, garantissant une pénétration rapide et précise • Empreinte TX antidérapante, évite le ripage et améliore le confort de vissage • Filetage partiel flottant, réduisant fortement l’effort lors de l’assemblage • Adaptée aux classes d’utilisation 1 et 2 (norme DIN EN 1995 – Eurocode 5) • Excellente résistance mécanique pour structures, charpentes et menuiseries • Certification ATE : qualité et performance garanties Pourquoi choisir nos vis VBF ? Fiables, durables et faciles à utiliser, les vis VBF sont idéales pour tous les projets de charpente, ossature bois, menuiserie ou assemblages exigeant solidité et précision.	https://www.vis-a-bois.com/produit/vbl50050	https://lqsbsinycyewdvdtbruy.supabase.co/storage/v1/object/public/product-images/8e90f441-f6a0-42a0-936f-241c5ecaa693/a2fac70d-68ac-41df-9ffa-4b91786d2962-vis-vbl.jpg	in_stock	25.00 EUR		Vis-à-Bois	3660601080756	VBL50050	new	1732	Vis de charpente	TRUE
VBL50060	Vis bois VBL 5,0 x 60 galva+	Vis VBL pour bois – Acier carbone galvanisé bleu | Haute résistance & vissage facile La vis VBF en acier au carbone galvanisé est spécialement conçue pour les travaux de construction en bois. Elle offre un vissage rapide, propre et sans effort, grâce à sa pointe spécifique et à ses nervures de fraisage qui réduisent le couple et limitent le risque de fissuration du bois. Avantages de la vis Tête Large • Pointe spéciale pour bois, garantissant une pénétration rapide et précise • Empreinte TX antidérapante, évite le ripage et améliore le confort de vissage • Filetage partiel flottant, réduisant fortement l’effort lors de l’assemblage • Adaptée aux classes d’utilisation 1 et 2 (norme DIN EN 1995 – Eurocode 5) • Excellente résistance mécanique pour structures, charpentes et menuiseries • Certification ATE : qualité et performance garanties Pourquoi choisir nos vis VBF ? Fiables, durables et faciles à utiliser, les vis VBF sont idéales pour tous les projets de charpente, ossature bois, menuiserie ou assemblages exigeant solidité et précision.	https://www.vis-a-bois.com/produit/vbl50060	https://lqsbsinycyewdvdtbruy.supabase.co/storage/v1/object/public/product-images/8e90f441-f6a0-42a0-936f-241c5ecaa693/a2fac70d-68ac-41df-9ffa-4b91786d2962-vis-vbl.jpg	in_stock	28.00 EUR		Vis-à-Bois	3660601080763	VBL50060	new	1732	Vis de charpente	TRUE
VBL50070	Vis bois VBL 5,0 x 70 galva+	Vis VBL pour bois – Acier carbone galvanisé bleu | Haute résistance & vissage facile La vis VBF en acier au carbone galvanisé est spécialement conçue pour les travaux de construction en bois. Elle offre un vissage rapide, propre et sans effort, grâce à sa pointe spécifique et à ses nervures de fraisage qui réduisent le couple et limitent le risque de fissuration du bois. Avantages de la vis Tête Large • Pointe spéciale pour bois, garantissant une pénétration rapide et précise • Empreinte TX antidérapante, évite le ripage et améliore le confort de vissage • Filetage partiel flottant, réduisant fortement l’effort lors de l’assemblage • Adaptée aux classes d’utilisation 1 et 2 (norme DIN EN 1995 – Eurocode 5) • Excellente résistance mécanique pour structures, charpentes et menuiseries • Certification ATE : qualité et performance garanties Pourquoi choisir nos vis VBF ? Fiables, durables et faciles à utiliser, les vis VBF sont idéales pour tous les projets de charpente, ossature bois, menuiserie ou assemblages exigeant solidité et précision.	https://www.vis-a-bois.com/produit/vbl50070	https://lqsbsinycyewdvdtbruy.supabase.co/storage/v1/object/public/product-images/8e90f441-f6a0-42a0-936f-241c5ecaa693/a2fac70d-68ac-41df-9ffa-4b91786d2962-vis-vbl.jpg	in_stock	31.00 EUR		Vis-à-Bois	3660601080770	VBL50070	new	1732	Vis de charpente	TRUE
VBL50080	Vis bois VBL 5,0 x 80 galva+	Vis VBL pour bois – Acier carbone galvanisé bleu | Haute résistance & vissage facile La vis VBF en acier au carbone galvanisé est spécialement conçue pour les travaux de construction en bois. Elle offre un vissage rapide, propre et sans effort, grâce à sa pointe spécifique et à ses nervures de fraisage qui réduisent le couple et limitent le risque de fissuration du bois. Avantages de la vis Tête Large • Pointe spéciale pour bois, garantissant une pénétration rapide et précise • Empreinte TX antidérapante, évite le ripage et améliore le confort de vissage • Filetage partiel flottant, réduisant fortement l’effort lors de l’assemblage • Adaptée aux classes d’utilisation 1 et 2 (norme DIN EN 1995 – Eurocode 5) • Excellente résistance mécanique pour structures, charpentes et menuiseries • Certification ATE : qualité et performance garanties Pourquoi choisir nos vis VBF ? Fiables, durables et faciles à utiliser, les vis VBF sont idéales pour tous les projets de charpente, ossature bois, menuiserie ou assemblages exigeant solidité et précision.	https://www.vis-a-bois.com/produit/vbl50080	https://lqsbsinycyewdvdtbruy.supabase.co/storage/v1/object/public/product-images/8e90f441-f6a0-42a0-936f-241c5ecaa693/a2fac70d-68ac-41df-9ffa-4b91786d2962-vis-vbl.jpg	in_stock	34.00 EUR		Vis-à-Bois	3660601080787	VBL50080	new	1732	Vis de charpente	TRUE
VBL60100	Vis bois VBL 6,0 x 100 galva+	Vis VBL pour bois – Acier carbone galvanisé bleu | Haute résistance & vissage facile La vis VBF en acier au carbone galvanisé est spécialement conçue pour les travaux de construction en bois. Elle offre un vissage rapide, propre et sans effort, grâce à sa pointe spécifique et à ses nervures de fraisage qui réduisent le couple et limitent le risque de fissuration du bois. Avantages de la vis Tête Large • Pointe spéciale pour bois, garantissant une pénétration rapide et précise • Empreinte TX antidérapante, évite le ripage et améliore le confort de vissage • Filetage partiel flottant, réduisant fortement l’effort lors de l’assemblage • Adaptée aux classes d’utilisation 1 et 2 (norme DIN EN 1995 – Eurocode 5) • Excellente résistance mécanique pour structures, charpentes et menuiseries • Certification ATE : qualité et performance garanties Pourquoi choisir nos vis VBF ? Fiables, durables et faciles à utiliser, les vis VBF sont idéales pour tous les projets de charpente, ossature bois, menuiserie ou assemblages exigeant solidité et précision.	https://www.vis-a-bois.com/produit/vbl60100	https://lqsbsinycyewdvdtbruy.supabase.co/storage/v1/object/public/product-images/8e90f441-f6a0-42a0-936f-241c5ecaa693/a2fac70d-68ac-41df-9ffa-4b91786d2962-vis-vbl.jpg	in_stock	31.00 EUR		Vis-à-Bois	3660601047124	VBL60100	new	1732	Vis de charpente	TRUE
VBL60120	Vis bois VBL 6,0 x 120 galva+	Vis VBL pour bois – Acier carbone galvanisé bleu | Haute résistance & vissage facile La vis VBF en acier au carbone galvanisé est spécialement conçue pour les travaux de construction en bois. Elle offre un vissage rapide, propre et sans effort, grâce à sa pointe spécifique et à ses nervures de fraisage qui réduisent le couple et limitent le risque de fissuration du bois. Avantages de la vis Tête Large • Pointe spéciale pour bois, garantissant une pénétration rapide et précise • Empreinte TX antidérapante, évite le ripage et améliore le confort de vissage • Filetage partiel flottant, réduisant fortement l’effort lors de l’assemblage • Adaptée aux classes d’utilisation 1 et 2 (norme DIN EN 1995 – Eurocode 5) • Excellente résistance mécanique pour structures, charpentes et menuiseries • Certification ATE : qualité et performance garanties Pourquoi choisir nos vis VBF ? Fiables, durables et faciles à utiliser, les vis VBF sont idéales pour tous les projets de charpente, ossature bois, menuiserie ou assemblages exigeant solidité et précision.	https://www.vis-a-bois.com/produit/vbl60120	https://lqsbsinycyewdvdtbruy.supabase.co/storage/v1/object/public/product-images/8e90f441-f6a0-42a0-936f-241c5ecaa693/a2fac70d-68ac-41df-9ffa-4b91786d2962-vis-vbl.jpg	in_stock	37.00 EUR		Vis-à-Bois	3660601047131	VBL60120	new	1732	Vis de charpente	TRUE
VBL60140	Vis bois VBL 6,0 x 140 galva+	Vis VBL pour bois – Acier carbone galvanisé bleu | Haute résistance & vissage facile La vis VBF en acier au carbone galvanisé est spécialement conçue pour les travaux de construction en bois. Elle offre un vissage rapide, propre et sans effort, grâce à sa pointe spécifique et à ses nervures de fraisage qui réduisent le couple et limitent le risque de fissuration du bois. Avantages de la vis Tête Large • Pointe spéciale pour bois, garantissant une pénétration rapide et précise • Empreinte TX antidérapante, évite le ripage et améliore le confort de vissage • Filetage partiel flottant, réduisant fortement l’effort lors de l’assemblage • Adaptée aux classes d’utilisation 1 et 2 (norme DIN EN 1995 – Eurocode 5) • Excellente résistance mécanique pour structures, charpentes et menuiseries • Certification ATE : qualité et performance garanties Pourquoi choisir nos vis VBF ? Fiables, durables et faciles à utiliser, les vis VBF sont idéales pour tous les projets de charpente, ossature bois, menuiserie ou assemblages exigeant solidité et précision.	https://www.vis-a-bois.com/produit/vbl60140	https://lqsbsinycyewdvdtbruy.supabase.co/storage/v1/object/public/product-images/8e90f441-f6a0-42a0-936f-241c5ecaa693/a2fac70d-68ac-41df-9ffa-4b91786d2962-vis-vbl.jpg	in_stock	45.00 EUR		Vis-à-Bois	3660601067276	VBL60140	new	1732	Vis de charpente	TRUE
VBL60160	Vis bois VBL 6,0 x 160 galva+	Vis VBL pour bois – Acier carbone galvanisé bleu | Haute résistance & vissage facile La vis VBF en acier au carbone galvanisé est spécialement conçue pour les travaux de construction en bois. Elle offre un vissage rapide, propre et sans effort, grâce à sa pointe spécifique et à ses nervures de fraisage qui réduisent le couple et limitent le risque de fissuration du bois. Avantages de la vis Tête Large • Pointe spéciale pour bois, garantissant une pénétration rapide et précise • Empreinte TX antidérapante, évite le ripage et améliore le confort de vissage • Filetage partiel flottant, réduisant fortement l’effort lors de l’assemblage • Adaptée aux classes d’utilisation 1 et 2 (norme DIN EN 1995 – Eurocode 5) • Excellente résistance mécanique pour structures, charpentes et menuiseries • Certification ATE : qualité et performance garanties Pourquoi choisir nos vis VBF ? Fiables, durables et faciles à utiliser, les vis VBF sont idéales pour tous les projets de charpente, ossature bois, menuiserie ou assemblages exigeant solidité et précision.	https://www.vis-a-bois.com/produit/vbl60160	https://lqsbsinycyewdvdtbruy.supabase.co/storage/v1/object/public/product-images/8e90f441-f6a0-42a0-936f-241c5ecaa693/a2fac70d-68ac-41df-9ffa-4b91786d2962-vis-vbl.jpg	in_stock	58.00 EUR		Vis-à-Bois	3660601067283	VBL60160	new	1732	Vis de charpente	TRUE
VBL60180	Vis bois VBL 6,0 x 180 galva+	Vis VBL pour bois – Acier carbone galvanisé bleu | Haute résistance & vissage facile La vis VBF en acier au carbone galvanisé est spécialement conçue pour les travaux de construction en bois. Elle offre un vissage rapide, propre et sans effort, grâce à sa pointe spécifique et à ses nervures de fraisage qui réduisent le couple et limitent le risque de fissuration du bois. Avantages de la vis Tête Large • Pointe spéciale pour bois, garantissant une pénétration rapide et précise • Empreinte TX antidérapante, évite le ripage et améliore le confort de vissage • Filetage partiel flottant, réduisant fortement l’effort lors de l’assemblage • Adaptée aux classes d’utilisation 1 et 2 (norme DIN EN 1995 – Eurocode 5) • Excellente résistance mécanique pour structures, charpentes et menuiseries • Certification ATE : qualité et performance garanties Pourquoi choisir nos vis VBF ? Fiables, durables et faciles à utiliser, les vis VBF sont idéales pour tous les projets de charpente, ossature bois, menuiserie ou assemblages exigeant solidité et précision.	https://www.vis-a-bois.com/produit/vbl60180	https://lqsbsinycyewdvdtbruy.supabase.co/storage/v1/object/public/product-images/8e90f441-f6a0-42a0-936f-241c5ecaa693/a2fac70d-68ac-41df-9ffa-4b91786d2962-vis-vbl.jpg	in_stock	84.00 EUR		Vis-à-Bois	3660601067290	VBL60180	new	1732	Vis de charpente	TRUE
VBL60200	Vis bois VBL 6,0 x 200 galva+	Vis VBL pour bois – Acier carbone galvanisé bleu | Haute résistance & vissage facile La vis VBF en acier au carbone galvanisé est spécialement conçue pour les travaux de construction en bois. Elle offre un vissage rapide, propre et sans effort, grâce à sa pointe spécifique et à ses nervures de fraisage qui réduisent le couple et limitent le risque de fissuration du bois. Avantages de la vis Tête Large • Pointe spéciale pour bois, garantissant une pénétration rapide et précise • Empreinte TX antidérapante, évite le ripage et améliore le confort de vissage • Filetage partiel flottant, réduisant fortement l’effort lors de l’assemblage • Adaptée aux classes d’utilisation 1 et 2 (norme DIN EN 1995 – Eurocode 5) • Excellente résistance mécanique pour structures, charpentes et menuiseries • Certification ATE : qualité et performance garanties Pourquoi choisir nos vis VBF ? Fiables, durables et faciles à utiliser, les vis VBF sont idéales pour tous les projets de charpente, ossature bois, menuiserie ou assemblages exigeant solidité et précision.	https://www.vis-a-bois.com/produit/vbl60200	https://lqsbsinycyewdvdtbruy.supabase.co/storage/v1/object/public/product-images/8e90f441-f6a0-42a0-936f-241c5ecaa693/a2fac70d-68ac-41df-9ffa-4b91786d2962-vis-vbl.jpg	in_stock	92.00 EUR		Vis-à-Bois	3660601067306	VBL60200	new	1732	Vis de charpente	TRUE
VBL60220	Vis bois VBL 6,0 x 220 galva+	Vis VBL pour bois – Acier carbone galvanisé bleu | Haute résistance & vissage facile La vis VBF en acier au carbone galvanisé est spécialement conçue pour les travaux de construction en bois. Elle offre un vissage rapide, propre et sans effort, grâce à sa pointe spécifique et à ses nervures de fraisage qui réduisent le couple et limitent le risque de fissuration du bois. Avantages de la vis Tête Large • Pointe spéciale pour bois, garantissant une pénétration rapide et précise • Empreinte TX antidérapante, évite le ripage et améliore le confort de vissage • Filetage partiel flottant, réduisant fortement l’effort lors de l’assemblage • Adaptée aux classes d’utilisation 1 et 2 (norme DIN EN 1995 – Eurocode 5) • Excellente résistance mécanique pour structures, charpentes et menuiseries • Certification ATE : qualité et performance garanties Pourquoi choisir nos vis VBF ? Fiables, durables et faciles à utiliser, les vis VBF sont idéales pour tous les projets de charpente, ossature bois, menuiserie ou assemblages exigeant solidité et précision.	https://www.vis-a-bois.com/produit/vbl60220	https://lqsbsinycyewdvdtbruy.supabase.co/storage/v1/object/public/product-images/8e90f441-f6a0-42a0-936f-241c5ecaa693/a2fac70d-68ac-41df-9ffa-4b91786d2962-vis-vbl.jpg	in_stock	114.00 EUR		Vis-à-Bois	3660601067313	VBL60220	new	1732	Vis de charpente	TRUE
VBL60240	Vis bois VBL 6,0 x 240 galva+	Vis VBL pour bois – Acier carbone galvanisé bleu | Haute résistance & vissage facile La vis VBF en acier au carbone galvanisé est spécialement conçue pour les travaux de construction en bois. Elle offre un vissage rapide, propre et sans effort, grâce à sa pointe spécifique et à ses nervures de fraisage qui réduisent le couple et limitent le risque de fissuration du bois. Avantages de la vis Tête Large • Pointe spéciale pour bois, garantissant une pénétration rapide et précise • Empreinte TX antidérapante, évite le ripage et améliore le confort de vissage • Filetage partiel flottant, réduisant fortement l’effort lors de l’assemblage • Adaptée aux classes d’utilisation 1 et 2 (norme DIN EN 1995 – Eurocode 5) • Excellente résistance mécanique pour structures, charpentes et menuiseries • Certification ATE : qualité et performance garanties Pourquoi choisir nos vis VBF ? Fiables, durables et faciles à utiliser, les vis VBF sont idéales pour tous les projets de charpente, ossature bois, menuiserie ou assemblages exigeant solidité et précision.	https://www.vis-a-bois.com/produit/vbl60240	https://lqsbsinycyewdvdtbruy.supabase.co/storage/v1/object/public/product-images/8e90f441-f6a0-42a0-936f-241c5ecaa693/a2fac70d-68ac-41df-9ffa-4b91786d2962-vis-vbl.jpg	in_stock	135.00 EUR		Vis-à-Bois	3660601067320	VBL60240	new	1732	Vis de charpente	TRUE
VBL60260	Vis bois VBL 6,0 x 260 galva+	Vis VBL pour bois – Acier carbone galvanisé bleu | Haute résistance & vissage facile La vis VBF en acier au carbone galvanisé est spécialement conçue pour les travaux de construction en bois. Elle offre un vissage rapide, propre et sans effort, grâce à sa pointe spécifique et à ses nervures de fraisage qui réduisent le couple et limitent le risque de fissuration du bois. Avantages de la vis Tête Large • Pointe spéciale pour bois, garantissant une pénétration rapide et précise • Empreinte TX antidérapante, évite le ripage et améliore le confort de vissage • Filetage partiel flottant, réduisant fortement l’effort lors de l’assemblage • Adaptée aux classes d’utilisation 1 et 2 (norme DIN EN 1995 – Eurocode 5) • Excellente résistance mécanique pour structures, charpentes et menuiseries • Certification ATE : qualité et performance garanties Pourquoi choisir nos vis VBF ? Fiables, durables et faciles à utiliser, les vis VBF sont idéales pour tous les projets de charpente, ossature bois, menuiserie ou assemblages exigeant solidité et précision.	https://www.vis-a-bois.com/produit/vbl60260	https://lqsbsinycyewdvdtbruy.supabase.co/storage/v1/object/public/product-images/8e90f441-f6a0-42a0-936f-241c5ecaa693/a2fac70d-68ac-41df-9ffa-4b91786d2962-vis-vbl.jpg	in_stock	149.00 EUR		Vis-à-Bois	3660601067337	VBL60260	new	1732	Vis de charpente	TRUE
VBL60280	Vis bois VBL 6,0 x 280 galva+	Vis VBL pour bois – Acier carbone galvanisé bleu | Haute résistance & vissage facile La vis VBF en acier au carbone galvanisé est spécialement conçue pour les travaux de construction en bois. Elle offre un vissage rapide, propre et sans effort, grâce à sa pointe spécifique et à ses nervures de fraisage qui réduisent le couple et limitent le risque de fissuration du bois. Avantages de la vis Tête Large • Pointe spéciale pour bois, garantissant une pénétration rapide et précise • Empreinte TX antidérapante, évite le ripage et améliore le confort de vissage • Filetage partiel flottant, réduisant fortement l’effort lors de l’assemblage • Adaptée aux classes d’utilisation 1 et 2 (norme DIN EN 1995 – Eurocode 5) • Excellente résistance mécanique pour structures, charpentes et menuiseries • Certification ATE : qualité et performance garanties Pourquoi choisir nos vis VBF ? Fiables, durables et faciles à utiliser, les vis VBF sont idéales pour tous les projets de charpente, ossature bois, menuiserie ou assemblages exigeant solidité et précision.	https://www.vis-a-bois.com/produit/vbl60280	https://lqsbsinycyewdvdtbruy.supabase.co/storage/v1/object/public/product-images/8e90f441-f6a0-42a0-936f-241c5ecaa693/a2fac70d-68ac-41df-9ffa-4b91786d2962-vis-vbl.jpg	in_stock	177.00 EUR		Vis-à-Bois	3660601067344	VBL60280	new	1732	Vis de charpente	TRUE
VBL60030	Vis bois VBL 6,0 x 30 galva+	Vis VBL pour bois – Acier carbone galvanisé bleu | Haute résistance & vissage facile La vis VBF en acier au carbone galvanisé est spécialement conçue pour les travaux de construction en bois. Elle offre un vissage rapide, propre et sans effort, grâce à sa pointe spécifique et à ses nervures de fraisage qui réduisent le couple et limitent le risque de fissuration du bois. Avantages de la vis Tête Large • Pointe spéciale pour bois, garantissant une pénétration rapide et précise • Empreinte TX antidérapante, évite le ripage et améliore le confort de vissage • Filetage partiel flottant, réduisant fortement l’effort lors de l’assemblage • Adaptée aux classes d’utilisation 1 et 2 (norme DIN EN 1995 – Eurocode 5) • Excellente résistance mécanique pour structures, charpentes et menuiseries • Certification ATE : qualité et performance garanties Pourquoi choisir nos vis VBF ? Fiables, durables et faciles à utiliser, les vis VBF sont idéales pour tous les projets de charpente, ossature bois, menuiserie ou assemblages exigeant solidité et précision.	https://www.vis-a-bois.com/produit/vbl60030	https://lqsbsinycyewdvdtbruy.supabase.co/storage/v1/object/public/product-images/8e90f441-f6a0-42a0-936f-241c5ecaa693/a2fac70d-68ac-41df-9ffa-4b91786d2962-vis-vbl.jpg	in_stock	32.00 EUR		Vis-à-Bois	3660601047070	VBL60030	new	1732	Vis de charpente	TRUE
VBL60300	Vis bois VBL 6,0 x 300 galva+	Vis VBL pour bois – Acier carbone galvanisé bleu | Haute résistance & vissage facile La vis VBF en acier au carbone galvanisé est spécialement conçue pour les travaux de construction en bois. Elle offre un vissage rapide, propre et sans effort, grâce à sa pointe spécifique et à ses nervures de fraisage qui réduisent le couple et limitent le risque de fissuration du bois. Avantages de la vis Tête Large • Pointe spéciale pour bois, garantissant une pénétration rapide et précise • Empreinte TX antidérapante, évite le ripage et améliore le confort de vissage • Filetage partiel flottant, réduisant fortement l’effort lors de l’assemblage • Adaptée aux classes d’utilisation 1 et 2 (norme DIN EN 1995 – Eurocode 5) • Excellente résistance mécanique pour structures, charpentes et menuiseries • Certification ATE : qualité et performance garanties Pourquoi choisir nos vis VBF ? Fiables, durables et faciles à utiliser, les vis VBF sont idéales pour tous les projets de charpente, ossature bois, menuiserie ou assemblages exigeant solidité et précision.	https://www.vis-a-bois.com/produit/vbl60300	https://lqsbsinycyewdvdtbruy.supabase.co/storage/v1/object/public/product-images/8e90f441-f6a0-42a0-936f-241c5ecaa693/a2fac70d-68ac-41df-9ffa-4b91786d2962-vis-vbl.jpg	in_stock	199.00 EUR		Vis-à-Bois	3660601067351	VBL60300	new	1732	Vis de charpente	TRUE
VBL60040	Vis bois VBL 6,0 x 40 galva+	Vis VBL pour bois – Acier carbone galvanisé bleu | Haute résistance & vissage facile La vis VBF en acier au carbone galvanisé est spécialement conçue pour les travaux de construction en bois. Elle offre un vissage rapide, propre et sans effort, grâce à sa pointe spécifique et à ses nervures de fraisage qui réduisent le couple et limitent le risque de fissuration du bois. Avantages de la vis Tête Large • Pointe spéciale pour bois, garantissant une pénétration rapide et précise • Empreinte TX antidérapante, évite le ripage et améliore le confort de vissage • Filetage partiel flottant, réduisant fortement l’effort lors de l’assemblage • Adaptée aux classes d’utilisation 1 et 2 (norme DIN EN 1995 – Eurocode 5) • Excellente résistance mécanique pour structures, charpentes et menuiseries • Certification ATE : qualité et performance garanties Pourquoi choisir nos vis VBF ? Fiables, durables et faciles à utiliser, les vis VBF sont idéales pour tous les projets de charpente, ossature bois, menuiserie ou assemblages exigeant solidité et précision.	https://www.vis-a-bois.com/produit/vbl60040	https://lqsbsinycyewdvdtbruy.supabase.co/storage/v1/object/public/product-images/8e90f441-f6a0-42a0-936f-241c5ecaa693/a2fac70d-68ac-41df-9ffa-4b91786d2962-vis-vbl.jpg	in_stock	36.00 EUR		Vis-à-Bois	3660601047087	VBL60040	new	1732	Vis de charpente	TRUE
VBL60050	Vis bois VBL 6,0 x 50 galva+	Vis VBL pour bois – Acier carbone galvanisé bleu | Haute résistance & vissage facile La vis VBF en acier au carbone galvanisé est spécialement conçue pour les travaux de construction en bois. Elle offre un vissage rapide, propre et sans effort, grâce à sa pointe spécifique et à ses nervures de fraisage qui réduisent le couple et limitent le risque de fissuration du bois. Avantages de la vis Tête Large • Pointe spéciale pour bois, garantissant une pénétration rapide et précise • Empreinte TX antidérapante, évite le ripage et améliore le confort de vissage • Filetage partiel flottant, réduisant fortement l’effort lors de l’assemblage • Adaptée aux classes d’utilisation 1 et 2 (norme DIN EN 1995 – Eurocode 5) • Excellente résistance mécanique pour structures, charpentes et menuiseries • Certification ATE : qualité et performance garanties Pourquoi choisir nos vis VBF ? Fiables, durables et faciles à utiliser, les vis VBF sont idéales pour tous les projets de charpente, ossature bois, menuiserie ou assemblages exigeant solidité et précision.	https://www.vis-a-bois.com/produit/vbl60050	https://lqsbsinycyewdvdtbruy.supabase.co/storage/v1/object/public/product-images/8e90f441-f6a0-42a0-936f-241c5ecaa693/a2fac70d-68ac-41df-9ffa-4b91786d2962-vis-vbl.jpg	in_stock	38.00 EUR		Vis-à-Bois	3660601047094	VBL60050	new	1732	Vis de charpente	TRUE
VBL60060	Vis bois VBL 6,0 x 60 galva+	Vis VBL pour bois – Acier carbone galvanisé bleu | Haute résistance & vissage facile La vis VBF en acier au carbone galvanisé est spécialement conçue pour les travaux de construction en bois. Elle offre un vissage rapide, propre et sans effort, grâce à sa pointe spécifique et à ses nervures de fraisage qui réduisent le couple et limitent le risque de fissuration du bois. Avantages de la vis Tête Large • Pointe spéciale pour bois, garantissant une pénétration rapide et précise • Empreinte TX antidérapante, évite le ripage et améliore le confort de vissage • Filetage partiel flottant, réduisant fortement l’effort lors de l’assemblage • Adaptée aux classes d’utilisation 1 et 2 (norme DIN EN 1995 – Eurocode 5) • Excellente résistance mécanique pour structures, charpentes et menuiseries • Certification ATE : qualité et performance garanties Pourquoi choisir nos vis VBF ? Fiables, durables et faciles à utiliser, les vis VBF sont idéales pour tous les projets de charpente, ossature bois, menuiserie ou assemblages exigeant solidité et précision.	https://www.vis-a-bois.com/produit/vbl60060	https://lqsbsinycyewdvdtbruy.supabase.co/storage/v1/object/public/product-images/8e90f441-f6a0-42a0-936f-241c5ecaa693/a2fac70d-68ac-41df-9ffa-4b91786d2962-vis-vbl.jpg	in_stock	43.00 EUR		Vis-à-Bois	3660601047100	VBL60060	new	1732	Vis de charpente	TRUE
VBL60080	Vis bois VBL 6,0 x 80 galva+	Vis VBL pour bois – Acier carbone galvanisé bleu | Haute résistance & vissage facile La vis VBF en acier au carbone galvanisé est spécialement conçue pour les travaux de construction en bois. Elle offre un vissage rapide, propre et sans effort, grâce à sa pointe spécifique et à ses nervures de fraisage qui réduisent le couple et limitent le risque de fissuration du bois. Avantages de la vis Tête Large • Pointe spéciale pour bois, garantissant une pénétration rapide et précise • Empreinte TX antidérapante, évite le ripage et améliore le confort de vissage • Filetage partiel flottant, réduisant fortement l’effort lors de l’assemblage • Adaptée aux classes d’utilisation 1 et 2 (norme DIN EN 1995 – Eurocode 5) • Excellente résistance mécanique pour structures, charpentes et menuiseries • Certification ATE : qualité et performance garanties Pourquoi choisir nos vis VBF ? Fiables, durables et faciles à utiliser, les vis VBF sont idéales pour tous les projets de charpente, ossature bois, menuiserie ou assemblages exigeant solidité et précision.	https://www.vis-a-bois.com/produit/vbl60080	https://lqsbsinycyewdvdtbruy.supabase.co/storage/v1/object/public/product-images/8e90f441-f6a0-42a0-936f-241c5ecaa693/a2fac70d-68ac-41df-9ffa-4b91786d2962-vis-vbl.jpg	in_stock	49.00 EUR		Vis-à-Bois	3660601047117	VBL60080	new	1732	Vis de charpente	TRUE
VBL80080	Vis bois VBL 8,0 x 80 galva+	Vis VBL pour bois – Acier carbone galvanisé bleu | Haute résistance & vissage facile La vis VBF en acier au carbone galvanisé est spécialement conçue pour les travaux de construction en bois. Elle offre un vissage rapide, propre et sans effort, grâce à sa pointe spécifique et à ses nervures de fraisage qui réduisent le couple et limitent le risque de fissuration du bois. Avantages de la vis Tête Large • Pointe spéciale pour bois, garantissant une pénétration rapide et précise • Empreinte TX antidérapante, évite le ripage et améliore le confort de vissage • Filetage partiel flottant, réduisant fortement l’effort lors de l’assemblage • Adaptée aux classes d’utilisation 1 et 2 (norme DIN EN 1995 – Eurocode 5) • Excellente résistance mécanique pour structures, charpentes et menuiseries • Certification ATE : qualité et performance garanties Pourquoi choisir nos vis VBF ? Fiables, durables et faciles à utiliser, les vis VBF sont idéales pour tous les projets de charpente, ossature bois, menuiserie ou assemblages exigeant solidité et précision.	https://www.vis-a-bois.com/produit/vbl80080	https://lqsbsinycyewdvdtbruy.supabase.co/storage/v1/object/public/product-images/8e90f441-f6a0-42a0-936f-241c5ecaa693/a2fac70d-68ac-41df-9ffa-4b91786d2962-vis-vbl.jpg	in_stock	20.00 EUR		Vis-à-Bois	3660601028673	VBL80080	new	1732	Vis de charpente	TRUE
VBL80100	Vis bois VBL 8,0 x 100 galva+	Vis VBL pour bois – Acier carbone galvanisé bleu | Haute résistance & vissage facile La vis VBF en acier au carbone galvanisé est spécialement conçue pour les travaux de construction en bois. Elle offre un vissage rapide, propre et sans effort, grâce à sa pointe spécifique et à ses nervures de fraisage qui réduisent le couple et limitent le risque de fissuration du bois. Avantages de la vis Tête Large • Pointe spéciale pour bois, garantissant une pénétration rapide et précise • Empreinte TX antidérapante, évite le ripage et améliore le confort de vissage • Filetage partiel flottant, réduisant fortement l’effort lors de l’assemblage • Adaptée aux classes d’utilisation 1 et 2 (norme DIN EN 1995 – Eurocode 5) • Excellente résistance mécanique pour structures, charpentes et menuiseries • Certification ATE : qualité et performance garanties Pourquoi choisir nos vis VBF ? Fiables, durables et faciles à utiliser, les vis VBF sont idéales pour tous les projets de charpente, ossature bois, menuiserie ou assemblages exigeant solidité et précision.	https://www.vis-a-bois.com/produit/vbl80100	https://lqsbsinycyewdvdtbruy.supabase.co/storage/v1/object/public/product-images/8e90f441-f6a0-42a0-936f-241c5ecaa693/a2fac70d-68ac-41df-9ffa-4b91786d2962-vis-vbl.jpg	in_stock	25.00 EUR		Vis-à-Bois	3660601028680	VBL80100	new	1732	Vis de charpente	TRUE
VBL80120	Vis bois VBL 8,0 x 120 galva+	Vis VBL pour bois – Acier carbone galvanisé bleu | Haute résistance & vissage facile La vis VBF en acier au carbone galvanisé est spécialement conçue pour les travaux de construction en bois. Elle offre un vissage rapide, propre et sans effort, grâce à sa pointe spécifique et à ses nervures de fraisage qui réduisent le couple et limitent le risque de fissuration du bois. Avantages de la vis Tête Large • Pointe spéciale pour bois, garantissant une pénétration rapide et précise • Empreinte TX antidérapante, évite le ripage et améliore le confort de vissage • Filetage partiel flottant, réduisant fortement l’effort lors de l’assemblage • Adaptée aux classes d’utilisation 1 et 2 (norme DIN EN 1995 – Eurocode 5) • Excellente résistance mécanique pour structures, charpentes et menuiseries • Certification ATE : qualité et performance garanties Pourquoi choisir nos vis VBF ? Fiables, durables et faciles à utiliser, les vis VBF sont idéales pour tous les projets de charpente, ossature bois, menuiserie ou assemblages exigeant solidité et précision.	https://www.vis-a-bois.com/produit/vbl80120	https://lqsbsinycyewdvdtbruy.supabase.co/storage/v1/object/public/product-images/8e90f441-f6a0-42a0-936f-241c5ecaa693/a2fac70d-68ac-41df-9ffa-4b91786d2962-vis-vbl.jpg	in_stock	30.00 EUR		Vis-à-Bois	3660601028697	VBL80120	new	1732	Vis de charpente	TRUE
VBL80140	Vis bois VBL 8,0 x 140 galva+	Vis VBL pour bois – Acier carbone galvanisé bleu | Haute résistance & vissage facile La vis VBF en acier au carbone galvanisé est spécialement conçue pour les travaux de construction en bois. Elle offre un vissage rapide, propre et sans effort, grâce à sa pointe spécifique et à ses nervures de fraisage qui réduisent le couple et limitent le risque de fissuration du bois. Avantages de la vis Tête Large • Pointe spéciale pour bois, garantissant une pénétration rapide et précise • Empreinte TX antidérapante, évite le ripage et améliore le confort de vissage • Filetage partiel flottant, réduisant fortement l’effort lors de l’assemblage • Adaptée aux classes d’utilisation 1 et 2 (norme DIN EN 1995 – Eurocode 5) • Excellente résistance mécanique pour structures, charpentes et menuiseries • Certification ATE : qualité et performance garanties Pourquoi choisir nos vis VBF ? Fiables, durables et faciles à utiliser, les vis VBF sont idéales pour tous les projets de charpente, ossature bois, menuiserie ou assemblages exigeant solidité et précision.	https://www.vis-a-bois.com/produit/vbl80140	https://lqsbsinycyewdvdtbruy.supabase.co/storage/v1/object/public/product-images/8e90f441-f6a0-42a0-936f-241c5ecaa693/a2fac70d-68ac-41df-9ffa-4b91786d2962-vis-vbl.jpg	in_stock	37.00 EUR		Vis-à-Bois	3660601028703	VBL80140	new	1732	Vis de charpente	TRUE
VBL80160	Vis bois VBL 8,0 x 160 galva+	Vis VBL pour bois – Acier carbone galvanisé bleu | Haute résistance & vissage facile La vis VBF en acier au carbone galvanisé est spécialement conçue pour les travaux de construction en bois. Elle offre un vissage rapide, propre et sans effort, grâce à sa pointe spécifique et à ses nervures de fraisage qui réduisent le couple et limitent le risque de fissuration du bois. Avantages de la vis Tête Large • Pointe spéciale pour bois, garantissant une pénétration rapide et précise • Empreinte TX antidérapante, évite le ripage et améliore le confort de vissage • Filetage partiel flottant, réduisant fortement l’effort lors de l’assemblage • Adaptée aux classes d’utilisation 1 et 2 (norme DIN EN 1995 – Eurocode 5) • Excellente résistance mécanique pour structures, charpentes et menuiseries • Certification ATE : qualité et performance garanties Pourquoi choisir nos vis VBF ? Fiables, durables et faciles à utiliser, les vis VBF sont idéales pour tous les projets de charpente, ossature bois, menuiserie ou assemblages exigeant solidité et précision.	https://www.vis-a-bois.com/produit/vbl80160	https://lqsbsinycyewdvdtbruy.supabase.co/storage/v1/object/public/product-images/8e90f441-f6a0-42a0-936f-241c5ecaa693/a2fac70d-68ac-41df-9ffa-4b91786d2962-vis-vbl.jpg	in_stock	39.00 EUR		Vis-à-Bois	3660601028710	VBL80160	new	1732	Vis de charpente	TRUE
VBL80180	Vis bois VBL 8,0 x 180 galva+	Vis VBL pour bois – Acier carbone galvanisé bleu | Haute résistance & vissage facile La vis VBF en acier au carbone galvanisé est spécialement conçue pour les travaux de construction en bois. Elle offre un vissage rapide, propre et sans effort, grâce à sa pointe spécifique et à ses nervures de fraisage qui réduisent le couple et limitent le risque de fissuration du bois. Avantages de la vis Tête Large • Pointe spéciale pour bois, garantissant une pénétration rapide et précise • Empreinte TX antidérapante, évite le ripage et améliore le confort de vissage • Filetage partiel flottant, réduisant fortement l’effort lors de l’assemblage • Adaptée aux classes d’utilisation 1 et 2 (norme DIN EN 1995 – Eurocode 5) • Excellente résistance mécanique pour structures, charpentes et menuiseries • Certification ATE : qualité et performance garanties Pourquoi choisir nos vis VBF ? Fiables, durables et faciles à utiliser, les vis VBF sont idéales pour tous les projets de charpente, ossature bois, menuiserie ou assemblages exigeant solidité et précision.	https://www.vis-a-bois.com/produit/vbl80180	https://lqsbsinycyewdvdtbruy.supabase.co/storage/v1/object/public/product-images/8e90f441-f6a0-42a0-936f-241c5ecaa693/a2fac70d-68ac-41df-9ffa-4b91786d2962-vis-vbl.jpg	in_stock	48.00 EUR		Vis-à-Bois	3660601028727	VBL80180	new	1732	Vis de charpente	TRUE
VBL80200	Vis bois VBL 8,0 x 200 galva+	Vis VBL pour bois – Acier carbone galvanisé bleu | Haute résistance & vissage facile La vis VBF en acier au carbone galvanisé est spécialement conçue pour les travaux de construction en bois. Elle offre un vissage rapide, propre et sans effort, grâce à sa pointe spécifique et à ses nervures de fraisage qui réduisent le couple et limitent le risque de fissuration du bois. Avantages de la vis Tête Large • Pointe spéciale pour bois, garantissant une pénétration rapide et précise • Empreinte TX antidérapante, évite le ripage et améliore le confort de vissage • Filetage partiel flottant, réduisant fortement l’effort lors de l’assemblage • Adaptée aux classes d’utilisation 1 et 2 (norme DIN EN 1995 – Eurocode 5) • Excellente résistance mécanique pour structures, charpentes et menuiseries • Certification ATE : qualité et performance garanties Pourquoi choisir nos vis VBF ? Fiables, durables et faciles à utiliser, les vis VBF sont idéales pour tous les projets de charpente, ossature bois, menuiserie ou assemblages exigeant solidité et précision.	https://www.vis-a-bois.com/produit/vbl80200	https://lqsbsinycyewdvdtbruy.supabase.co/storage/v1/object/public/product-images/8e90f441-f6a0-42a0-936f-241c5ecaa693/a2fac70d-68ac-41df-9ffa-4b91786d2962-vis-vbl.jpg	in_stock	54.00 EUR		Vis-à-Bois	3660601028734	VBL80200	new	1732	Vis de charpente	TRUE
VBL80220	Vis bois VBL 8,0 x 220 galva+	Vis VBL pour bois – Acier carbone galvanisé bleu | Haute résistance & vissage facile La vis VBF en acier au carbone galvanisé est spécialement conçue pour les travaux de construction en bois. Elle offre un vissage rapide, propre et sans effort, grâce à sa pointe spécifique et à ses nervures de fraisage qui réduisent le couple et limitent le risque de fissuration du bois. Avantages de la vis Tête Large • Pointe spéciale pour bois, garantissant une pénétration rapide et précise • Empreinte TX antidérapante, évite le ripage et améliore le confort de vissage • Filetage partiel flottant, réduisant fortement l’effort lors de l’assemblage • Adaptée aux classes d’utilisation 1 et 2 (norme DIN EN 1995 – Eurocode 5) • Excellente résistance mécanique pour structures, charpentes et menuiseries • Certification ATE : qualité et performance garanties Pourquoi choisir nos vis VBF ? Fiables, durables et faciles à utiliser, les vis VBF sont idéales pour tous les projets de charpente, ossature bois, menuiserie ou assemblages exigeant solidité et précision.	https://www.vis-a-bois.com/produit/vbl80220	https://lqsbsinycyewdvdtbruy.supabase.co/storage/v1/object/public/product-images/8e90f441-f6a0-42a0-936f-241c5ecaa693/a2fac70d-68ac-41df-9ffa-4b91786d2962-vis-vbl.jpg	in_stock	65.00 EUR		Vis-à-Bois	3660601028741	VBL80220	new	1732	Vis de charpente	TRUE
VBL80240	Vis bois VBL 8,0 x 240 galva+	Vis VBL pour bois – Acier carbone galvanisé bleu | Haute résistance & vissage facile La vis VBF en acier au carbone galvanisé est spécialement conçue pour les travaux de construction en bois. Elle offre un vissage rapide, propre et sans effort, grâce à sa pointe spécifique et à ses nervures de fraisage qui réduisent le couple et limitent le risque de fissuration du bois. Avantages de la vis Tête Large • Pointe spéciale pour bois, garantissant une pénétration rapide et précise • Empreinte TX antidérapante, évite le ripage et améliore le confort de vissage • Filetage partiel flottant, réduisant fortement l’effort lors de l’assemblage • Adaptée aux classes d’utilisation 1 et 2 (norme DIN EN 1995 – Eurocode 5) • Excellente résistance mécanique pour structures, charpentes et menuiseries • Certification ATE : qualité et performance garanties Pourquoi choisir nos vis VBF ? Fiables, durables et faciles à utiliser, les vis VBF sont idéales pour tous les projets de charpente, ossature bois, menuiserie ou assemblages exigeant solidité et précision.	https://www.vis-a-bois.com/produit/vbl80240	https://lqsbsinycyewdvdtbruy.supabase.co/storage/v1/object/public/product-images/8e90f441-f6a0-42a0-936f-241c5ecaa693/a2fac70d-68ac-41df-9ffa-4b91786d2962-vis-vbl.jpg	in_stock	79.00 EUR		Vis-à-Bois	3660601028758	VBL80240	new	1732	Vis de charpente	TRUE
VBL80260	Vis bois VBL 8,0 x 260 galva+	Vis VBL pour bois – Acier carbone galvanisé bleu | Haute résistance & vissage facile La vis VBF en acier au carbone galvanisé est spécialement conçue pour les travaux de construction en bois. Elle offre un vissage rapide, propre et sans effort, grâce à sa pointe spécifique et à ses nervures de fraisage qui réduisent le couple et limitent le risque de fissuration du bois. Avantages de la vis Tête Large • Pointe spéciale pour bois, garantissant une pénétration rapide et précise • Empreinte TX antidérapante, évite le ripage et améliore le confort de vissage • Filetage partiel flottant, réduisant fortement l’effort lors de l’assemblage • Adaptée aux classes d’utilisation 1 et 2 (norme DIN EN 1995 – Eurocode 5) • Excellente résistance mécanique pour structures, charpentes et menuiseries • Certification ATE : qualité et performance garanties Pourquoi choisir nos vis VBF ? Fiables, durables et faciles à utiliser, les vis VBF sont idéales pour tous les projets de charpente, ossature bois, menuiserie ou assemblages exigeant solidité et précision.	https://www.vis-a-bois.com/produit/vbl80260	https://lqsbsinycyewdvdtbruy.supabase.co/storage/v1/object/public/product-images/8e90f441-f6a0-42a0-936f-241c5ecaa693/a2fac70d-68ac-41df-9ffa-4b91786d2962-vis-vbl.jpg	in_stock	84.00 EUR		Vis-à-Bois	3660601028765	VBL80260	new	1732	Vis de charpente	TRUE
VBL80280	Vis bois VBL 8,0 x 280 galva+	Vis VBL pour bois – Acier carbone galvanisé bleu | Haute résistance & vissage facile La vis VBF en acier au carbone galvanisé est spécialement conçue pour les travaux de construction en bois. Elle offre un vissage rapide, propre et sans effort, grâce à sa pointe spécifique et à ses nervures de fraisage qui réduisent le couple et limitent le risque de fissuration du bois. Avantages de la vis Tête Large • Pointe spéciale pour bois, garantissant une pénétration rapide et précise • Empreinte TX antidérapante, évite le ripage et améliore le confort de vissage • Filetage partiel flottant, réduisant fortement l’effort lors de l’assemblage • Adaptée aux classes d’utilisation 1 et 2 (norme DIN EN 1995 – Eurocode 5) • Excellente résistance mécanique pour structures, charpentes et menuiseries • Certification ATE : qualité et performance garanties Pourquoi choisir nos vis VBF ? Fiables, durables et faciles à utiliser, les vis VBF sont idéales pour tous les projets de charpente, ossature bois, menuiserie ou assemblages exigeant solidité et précision.	https://www.vis-a-bois.com/produit/vbl80280	https://lqsbsinycyewdvdtbruy.supabase.co/storage/v1/object/public/product-images/8e90f441-f6a0-42a0-936f-241c5ecaa693/a2fac70d-68ac-41df-9ffa-4b91786d2962-vis-vbl.jpg	in_stock	94.00 EUR		Vis-à-Bois	3660601028772	VBL80280	new	1732	Vis de charpente	TRUE
VBL80300	Vis bois VBL 8,0 x 300 galva+	Vis VBL pour bois – Acier carbone galvanisé bleu | Haute résistance & vissage facile La vis VBF en acier au carbone galvanisé est spécialement conçue pour les travaux de construction en bois. Elle offre un vissage rapide, propre et sans effort, grâce à sa pointe spécifique et à ses nervures de fraisage qui réduisent le couple et limitent le risque de fissuration du bois. Avantages de la vis Tête Large • Pointe spéciale pour bois, garantissant une pénétration rapide et précise • Empreinte TX antidérapante, évite le ripage et améliore le confort de vissage • Filetage partiel flottant, réduisant fortement l’effort lors de l’assemblage • Adaptée aux classes d’utilisation 1 et 2 (norme DIN EN 1995 – Eurocode 5) • Excellente résistance mécanique pour structures, charpentes et menuiseries • Certification ATE : qualité et performance garanties Pourquoi choisir nos vis VBF ? Fiables, durables et faciles à utiliser, les vis VBF sont idéales pour tous les projets de charpente, ossature bois, menuiserie ou assemblages exigeant solidité et précision.	https://www.vis-a-bois.com/produit/vbl80300	https://lqsbsinycyewdvdtbruy.supabase.co/storage/v1/object/public/product-images/8e90f441-f6a0-42a0-936f-241c5ecaa693/a2fac70d-68ac-41df-9ffa-4b91786d2962-vis-vbl.jpg	in_stock	106.00 EUR		Vis-à-Bois	3660601028789	VBL80300	new	1732	Vis de charpente	TRUE
VBL80320	Vis bois VBL 8,0 x 320 galva+	Vis VBL pour bois – Acier carbone galvanisé bleu | Haute résistance & vissage facile La vis VBF en acier au carbone galvanisé est spécialement conçue pour les travaux de construction en bois. Elle offre un vissage rapide, propre et sans effort, grâce à sa pointe spécifique et à ses nervures de fraisage qui réduisent le couple et limitent le risque de fissuration du bois. Avantages de la vis Tête Large • Pointe spéciale pour bois, garantissant une pénétration rapide et précise • Empreinte TX antidérapante, évite le ripage et améliore le confort de vissage • Filetage partiel flottant, réduisant fortement l’effort lors de l’assemblage • Adaptée aux classes d’utilisation 1 et 2 (norme DIN EN 1995 – Eurocode 5) • Excellente résistance mécanique pour structures, charpentes et menuiseries • Certification ATE : qualité et performance garanties Pourquoi choisir nos vis VBF ? Fiables, durables et faciles à utiliser, les vis VBF sont idéales pour tous les projets de charpente, ossature bois, menuiserie ou assemblages exigeant solidité et précision.	https://www.vis-a-bois.com/produit/vbl80320	https://lqsbsinycyewdvdtbruy.supabase.co/storage/v1/object/public/product-images/8e90f441-f6a0-42a0-936f-241c5ecaa693/a2fac70d-68ac-41df-9ffa-4b91786d2962-vis-vbl.jpg	in_stock	117.00 EUR		Vis-à-Bois	3660601028796	VBL80320	new	1732	Vis de charpente	TRUE
VBL80340	Vis bois VBL 8,0 x 340 galva+	Vis VBL pour bois – Acier carbone galvanisé bleu | Haute résistance & vissage facile La vis VBF en acier au carbone galvanisé est spécialement conçue pour les travaux de construction en bois. Elle offre un vissage rapide, propre et sans effort, grâce à sa pointe spécifique et à ses nervures de fraisage qui réduisent le couple et limitent le risque de fissuration du bois. Avantages de la vis Tête Large • Pointe spéciale pour bois, garantissant une pénétration rapide et précise • Empreinte TX antidérapante, évite le ripage et améliore le confort de vissage • Filetage partiel flottant, réduisant fortement l’effort lors de l’assemblage • Adaptée aux classes d’utilisation 1 et 2 (norme DIN EN 1995 – Eurocode 5) • Excellente résistance mécanique pour structures, charpentes et menuiseries • Certification ATE : qualité et performance garanties Pourquoi choisir nos vis VBF ? Fiables, durables et faciles à utiliser, les vis VBF sont idéales pour tous les projets de charpente, ossature bois, menuiserie ou assemblages exigeant solidité et précision.	https://www.vis-a-bois.com/produit/vbl80340	https://lqsbsinycyewdvdtbruy.supabase.co/storage/v1/object/public/product-images/8e90f441-f6a0-42a0-936f-241c5ecaa693/a2fac70d-68ac-41df-9ffa-4b91786d2962-vis-vbl.jpg	in_stock	128.00 EUR		Vis-à-Bois	3660601028802	VBL80340	new	1732	Vis de charpente	TRUE
VBL80360	Vis bois VBL 8,0 x 360 galva+	Vis VBL pour bois – Acier carbone galvanisé bleu | Haute résistance & vissage facile La vis VBF en acier au carbone galvanisé est spécialement conçue pour les travaux de construction en bois. Elle offre un vissage rapide, propre et sans effort, grâce à sa pointe spécifique et à ses nervures de fraisage qui réduisent le couple et limitent le risque de fissuration du bois. Avantages de la vis Tête Large • Pointe spéciale pour bois, garantissant une pénétration rapide et précise • Empreinte TX antidérapante, évite le ripage et améliore le confort de vissage • Filetage partiel flottant, réduisant fortement l’effort lors de l’assemblage • Adaptée aux classes d’utilisation 1 et 2 (norme DIN EN 1995 – Eurocode 5) • Excellente résistance mécanique pour structures, charpentes et menuiseries • Certification ATE : qualité et performance garanties Pourquoi choisir nos vis VBF ? Fiables, durables et faciles à utiliser, les vis VBF sont idéales pour tous les projets de charpente, ossature bois, menuiserie ou assemblages exigeant solidité et précision.	https://www.vis-a-bois.com/produit/vbl80360	https://lqsbsinycyewdvdtbruy.supabase.co/storage/v1/object/public/product-images/8e90f441-f6a0-42a0-936f-241c5ecaa693/a2fac70d-68ac-41df-9ffa-4b91786d2962-vis-vbl.jpg	in_stock	145.00 EUR		Vis-à-Bois	3660601028819	VBL80360	new	1732	Vis de charpente	TRUE
VBL80380	Vis bois VBL 8,0 x 380 galva+	Vis VBL pour bois – Acier carbone galvanisé bleu | Haute résistance & vissage facile La vis VBF en acier au carbone galvanisé est spécialement conçue pour les travaux de construction en bois. Elle offre un vissage rapide, propre et sans effort, grâce à sa pointe spécifique et à ses nervures de fraisage qui réduisent le couple et limitent le risque de fissuration du bois. Avantages de la vis Tête Large • Pointe spéciale pour bois, garantissant une pénétration rapide et précise • Empreinte TX antidérapante, évite le ripage et améliore le confort de vissage • Filetage partiel flottant, réduisant fortement l’effort lors de l’assemblage • Adaptée aux classes d’utilisation 1 et 2 (norme DIN EN 1995 – Eurocode 5) • Excellente résistance mécanique pour structures, charpentes et menuiseries • Certification ATE : qualité et performance garanties Pourquoi choisir nos vis VBF ? Fiables, durables et faciles à utiliser, les vis VBF sont idéales pour tous les projets de charpente, ossature bois, menuiserie ou assemblages exigeant solidité et précision.	https://www.vis-a-bois.com/produit/vbl80380	https://lqsbsinycyewdvdtbruy.supabase.co/storage/v1/object/public/product-images/8e90f441-f6a0-42a0-936f-241c5ecaa693/a2fac70d-68ac-41df-9ffa-4b91786d2962-vis-vbl.jpg	in_stock	155.00 EUR		Vis-à-Bois	3660601028826	VBL80380	new	1732	Vis de charpente	TRUE
VBL80400	Vis bois VBL 8,0 x 400 galva+	Vis VBL pour bois – Acier carbone galvanisé bleu | Haute résistance & vissage facile La vis VBF en acier au carbone galvanisé est spécialement conçue pour les travaux de construction en bois. Elle offre un vissage rapide, propre et sans effort, grâce à sa pointe spécifique et à ses nervures de fraisage qui réduisent le couple et limitent le risque de fissuration du bois. Avantages de la vis Tête Large • Pointe spéciale pour bois, garantissant une pénétration rapide et précise • Empreinte TX antidérapante, évite le ripage et améliore le confort de vissage • Filetage partiel flottant, réduisant fortement l’effort lors de l’assemblage • Adaptée aux classes d’utilisation 1 et 2 (norme DIN EN 1995 – Eurocode 5) • Excellente résistance mécanique pour structures, charpentes et menuiseries • Certification ATE : qualité et performance garanties Pourquoi choisir nos vis VBF ? Fiables, durables et faciles à utiliser, les vis VBF sont idéales pour tous les projets de charpente, ossature bois, menuiserie ou assemblages exigeant solidité et précision.	https://www.vis-a-bois.com/produit/vbl80400	https://lqsbsinycyewdvdtbruy.supabase.co/storage/v1/object/public/product-images/8e90f441-f6a0-42a0-936f-241c5ecaa693/a2fac70d-68ac-41df-9ffa-4b91786d2962-vis-vbl.jpg	in_stock	166.00 EUR		Vis-à-Bois	3660601028833	VBL80400	new	1732	Vis de charpente	TRUE
QS5040A4	Vis terrasse QS 5,0 x 40 inox A4 TX25	Vis terrasse bois inox QS – La référence pour les assemblages extérieurs durablesCette vis à filetage partiel, fabriquée en acier inoxydable de haute qualité, garantit une tenue optimale et une résistance aux intempéries. Elle est spécialement conçue pour les montages bois-bois en extérieur, même en zones constamment exposées à l’humidité.✔ Empreinte Torx 25Pour une transmission optimale du couple de serrage ✔ Pointe anti-fendage type 17Amorce immédiate sans éclatement du bois, permettant une pose rapide et précise ✔ Filets fraiseurs haute performanceFixation nette, sans jeu, avec une meilleure pénétration dans le bois et une finition parfaitement intégrée.✔ Filetage partielAssure un serrage optimal entre lame et lambourde pour une fixation ferme et durable.✔ Acier inoxydable • Excellente résistance à la corrosion• Idéal pour environnements extérieurs humides• Longévité renforcée de la structureDomaines d’utilisation• Fixation de lames de terrasse en bois résineux sur lambourdes en bois résineux• Pose d’ouvrages extérieurs soumis aux intempéries : terrasses, platelages, aménagements de jardin…La vis inox VTI indispensables pour une terrasse stable, élégante et construite pour durer.	https://www.vis-a-bois.com/produit/qs5040a4	https://lqsbsinycyewdvdtbruy.supabase.co/storage/v1/object/public/product-images/8e90f441-f6a0-42a0-936f-241c5ecaa693/505c1e50-f253-4aa7-a54f-4e8a0929b51f-vis-terrasse.jpeg	in_stock	31.00 EUR		Vis-à-Bois	3660601078937	QS5040A4	new	1732	Vis terrasse	TRUE
QS5040TX	Vis terrasse QS 5,0 x 40 inox TX25	Vis terrasse bois inox QS – La référence pour les assemblages extérieurs durables Cette vis à filetage partiel, fabriquée en acier inoxydable de haute qualité, garantit une tenue optimale et une résistance aux intempéries. Elle est spécialement conçue pour les montages bois-bois en extérieur, même en zones constamment exposées à l’humidité. ✔ Empreinte Torx 25 Pour une transmission optimale du couple de serrage ✔ Pointe anti-fendage type 17 Amorce immédiate sans éclatement du bois, permettant une pose rapide et précise ✔ Filets fraiseurs haute performance Fixation nette, sans jeu, avec une meilleure pénétration dans le bois et une finition parfaitement intégrée. ✔ Filetage partiel Assure un serrage optimal entre lame et lambourde pour une fixation ferme et durable. ✔ Acier inoxydable • Excellente résistance à la corrosion • Idéal pour environnements extérieurs humides • Longévité renforcée de la structure Domaines d’utilisation • Fixation de lames de terrasse en bois résineux sur lambourdes en bois résineux • Pose d’ouvrages extérieurs soumis aux intempéries : terrasses, platelages, aménagements de jardin… La vis inox VTI indispensables pour une terrasse stable, élégante et construite pour durer.	https://www.vis-a-bois.com/produit/qs5040tx	https://lqsbsinycyewdvdtbruy.supabase.co/storage/v1/object/public/product-images/8e90f441-f6a0-42a0-936f-241c5ecaa693/505c1e50-f253-4aa7-a54f-4e8a0929b51f-vis-terrasse.jpeg	in_stock	20.00 EUR		Vis-à-Bois	3660601036296	QS5040TX	new	1732	Vis terrasse	TRUE
QS5050A4	Vis terrasse QS 5,0 x 50 inox A4 TX25	Vis terrasse bois inox QS – La référence pour les assemblages extérieurs durables Cette vis à filetage partiel, fabriquée en acier inoxydable de haute qualité, garantit une tenue optimale et une résistance aux intempéries. Elle est spécialement conçue pour les montages bois-bois en extérieur, même en zones constamment exposées à l’humidité. ✔ Empreinte Torx 25 Pour une transmission optimale du couple de serrage ✔ Pointe anti-fendage type 17 Amorce immédiate sans éclatement du bois, permettant une pose rapide et précise ✔ Filets fraiseurs haute performance Fixation nette, sans jeu, avec une meilleure pénétration dans le bois et une finition parfaitement intégrée. ✔ Filetage partiel Assure un serrage optimal entre lame et lambourde pour une fixation ferme et durable. ✔ Acier inoxydable • Excellente résistance à la corrosion • Idéal pour environnements extérieurs humides • Longévité renforcée de la structure Domaines d’utilisation • Fixation de lames de terrasse en bois résineux sur lambourdes en bois résineux • Pose d’ouvrages extérieurs soumis aux intempéries : terrasses, platelages, aménagements de jardin… La vis inox VTI indispensables pour une terrasse stable, élégante et construite pour durer.	https://www.vis-a-bois.com/produit/qs5050a4	https://lqsbsinycyewdvdtbruy.supabase.co/storage/v1/object/public/product-images/8e90f441-f6a0-42a0-936f-241c5ecaa693/505c1e50-f253-4aa7-a54f-4e8a0929b51f-vis-terrasse.jpeg	in_stock	41.00 EUR		Vis-à-Bois	3660601060932	QS5050A4	new	1732	Vis terrasse	TRUE
QS5050TX	Vis terrasse QS 5,0 x 50 inox TX25	Vis terrasse bois inox QS – La référence pour les assemblages extérieurs durables Cette vis à filetage partiel, fabriquée en acier inoxydable de haute qualité, garantit une tenue optimale et une résistance aux intempéries. Elle est spécialement conçue pour les montages bois-bois en extérieur, même en zones constamment exposées à l’humidité. ✔ Empreinte Torx 25 Pour une transmission optimale du couple de serrage ✔ Pointe anti-fendage type 17 Amorce immédiate sans éclatement du bois, permettant une pose rapide et précise ✔ Filets fraiseurs haute performance Fixation nette, sans jeu, avec une meilleure pénétration dans le bois et une finition parfaitement intégrée. ✔ Filetage partiel Assure un serrage optimal entre lame et lambourde pour une fixation ferme et durable. ✔ Acier inoxydable • Excellente résistance à la corrosion • Idéal pour environnements extérieurs humides • Longévité renforcée de la structure Domaines d’utilisation • Fixation de lames de terrasse en bois résineux sur lambourdes en bois résineux • Pose d’ouvrages extérieurs soumis aux intempéries : terrasses, platelages, aménagements de jardin… La vis inox VTI indispensables pour une terrasse stable, élégante et construite pour durer.	https://www.vis-a-bois.com/produit/qs5050tx	https://lqsbsinycyewdvdtbruy.supabase.co/storage/v1/object/public/product-images/8e90f441-f6a0-42a0-936f-241c5ecaa693/505c1e50-f253-4aa7-a54f-4e8a0929b51f-vis-terrasse.jpeg	in_stock	23.00 EUR		Vis-à-Bois	3660601036302	QS5050TX	new	1732	Vis terrasse	TRUE
QS5060A4	Vis terrasse QS 5,0 x 60 inox A4 TX25	Vis terrasse bois inox QS – La référence pour les assemblages extérieurs durablesCette vis à filetage partiel, fabriquée en acier inoxydable de haute qualité, garantit une tenue optimale et une résistance aux intempéries. Elle est spécialement conçue pour les montages bois-bois en extérieur, même en zones constamment exposées à l’humidité.✔ Empreinte Torx 25Pour une transmission optimale du couple de serrage ✔ Pointe anti-fendage type 17Amorce immédiate sans éclatement du bois, permettant une pose rapide et précise ✔ Filets fraiseurs haute performanceFixation nette, sans jeu, avec une meilleure pénétration dans le bois et une finition parfaitement intégrée.✔ Filetage partielAssure un serrage optimal entre lame et lambourde pour une fixation ferme et durable.✔ Acier inoxydable • Excellente résistance à la corrosion• Idéal pour environnements extérieurs humides• Longévité renforcée de la structureDomaines d’utilisation• Fixation de lames de terrasse en bois résineux sur lambourdes en bois résineux• Pose d’ouvrages extérieurs soumis aux intempéries : terrasses, platelages, aménagements de jardin…La vis inox VTI indispensables pour une terrasse stable, élégante et construite pour durer.	https://www.vis-a-bois.com/produit/qs5060a4	https://lqsbsinycyewdvdtbruy.supabase.co/storage/v1/object/public/product-images/8e90f441-f6a0-42a0-936f-241c5ecaa693/505c1e50-f253-4aa7-a54f-4e8a0929b51f-vis-terrasse.jpeg	in_stock	44.00 EUR		Vis-à-Bois	3660601053965	QS5060A4	new	1732	Vis terrasse	TRUE
QS5060TX	Vis terrasse QS 5,0 x 60 inox TX25	Vis terrasse bois inox QS – La référence pour les assemblages extérieurs durables Cette vis à filetage partiel, fabriquée en acier inoxydable de haute qualité, garantit une tenue optimale et une résistance aux intempéries. Elle est spécialement conçue pour les montages bois-bois en extérieur, même en zones constamment exposées à l’humidité. ✔ Empreinte Torx 25 Pour une transmission optimale du couple de serrage ✔ Pointe anti-fendage type 17 Amorce immédiate sans éclatement du bois, permettant une pose rapide et précise ✔ Filets fraiseurs haute performance Fixation nette, sans jeu, avec une meilleure pénétration dans le bois et une finition parfaitement intégrée. ✔ Filetage partiel Assure un serrage optimal entre lame et lambourde pour une fixation ferme et durable. ✔ Acier inoxydable • Excellente résistance à la corrosion • Idéal pour environnements extérieurs humides • Longévité renforcée de la structure Domaines d’utilisation • Fixation de lames de terrasse en bois résineux sur lambourdes en bois résineux • Pose d’ouvrages extérieurs soumis aux intempéries : terrasses, platelages, aménagements de jardin… La vis inox VTI indispensables pour une terrasse stable, élégante et construite pour durer.	https://www.vis-a-bois.com/produit/qs5060tx	https://lqsbsinycyewdvdtbruy.supabase.co/storage/v1/object/public/product-images/8e90f441-f6a0-42a0-936f-241c5ecaa693/505c1e50-f253-4aa7-a54f-4e8a0929b51f-vis-terrasse.jpeg	in_stock	26.00 EUR		Vis-à-Bois	3660601036319	QS5060TX	new	1732	Vis terrasse	TRUE
QS5070A4	Vis terrasse QS 5,0 x 70 inox A4 TX25	Vis terrasse bois inox QS – La référence pour les assemblages extérieurs durables Cette vis à filetage partiel, fabriquée en acier inoxydable de haute qualité, garantit une tenue optimale et une résistance aux intempéries. Elle est spécialement conçue pour les montages bois-bois en extérieur, même en zones constamment exposées à l’humidité. ✔ Empreinte Torx 25 Pour une transmission optimale du couple de serrage ✔ Pointe anti-fendage type 17 Amorce immédiate sans éclatement du bois, permettant une pose rapide et précise ✔ Filets fraiseurs haute performance Fixation nette, sans jeu, avec une meilleure pénétration dans le bois et une finition parfaitement intégrée. ✔ Filetage partiel Assure un serrage optimal entre lame et lambourde pour une fixation ferme et durable. ✔ Acier inoxydable • Excellente résistance à la corrosion • Idéal pour environnements extérieurs humides • Longévité renforcée de la structure Domaines d’utilisation • Fixation de lames de terrasse en bois résineux sur lambourdes en bois résineux • Pose d’ouvrages extérieurs soumis aux intempéries : terrasses, platelages, aménagements de jardin… La vis inox VTI indispensables pour une terrasse stable, élégante et construite pour durer.	https://www.vis-a-bois.com/produit/qs5070a4	https://lqsbsinycyewdvdtbruy.supabase.co/storage/v1/object/public/product-images/8e90f441-f6a0-42a0-936f-241c5ecaa693/505c1e50-f253-4aa7-a54f-4e8a0929b51f-vis-terrasse.jpeg	in_stock	55.00 EUR		Vis-à-Bois	3660601078944	QS5070A4	new	1732	Vis terrasse	TRUE
QS5070TX	Vis terrasse QS 5,0 x 70 inox TX25	Vis terrasse bois inox QS – La référence pour les assemblages extérieurs durables Cette vis à filetage partiel, fabriquée en acier inoxydable de haute qualité, garantit une tenue optimale et une résistance aux intempéries. Elle est spécialement conçue pour les montages bois-bois en extérieur, même en zones constamment exposées à l’humidité. ✔ Empreinte Torx 25 Pour une transmission optimale du couple de serrage ✔ Pointe anti-fendage type 17 Amorce immédiate sans éclatement du bois, permettant une pose rapide et précise ✔ Filets fraiseurs haute performance Fixation nette, sans jeu, avec une meilleure pénétration dans le bois et une finition parfaitement intégrée. ✔ Filetage partiel Assure un serrage optimal entre lame et lambourde pour une fixation ferme et durable. ✔ Acier inoxydable • Excellente résistance à la corrosion • Idéal pour environnements extérieurs humides • Longévité renforcée de la structure Domaines d’utilisation • Fixation de lames de terrasse en bois résineux sur lambourdes en bois résineux • Pose d’ouvrages extérieurs soumis aux intempéries : terrasses, platelages, aménagements de jardin… La vis inox VTI indispensables pour une terrasse stable, élégante et construite pour durer.	https://www.vis-a-bois.com/produit/qs5070tx	https://lqsbsinycyewdvdtbruy.supabase.co/storage/v1/object/public/product-images/8e90f441-f6a0-42a0-936f-241c5ecaa693/505c1e50-f253-4aa7-a54f-4e8a0929b51f-vis-terrasse.jpeg	in_stock	27.00 EUR		Vis-à-Bois	3660601036326	QS5070TX	new	1732	Vis terrasse	TRUE
QS5080A4	Vis terrasse QS 5,0 x 80 inox A4 TX25	Vis terrasse bois inox QS – La référence pour les assemblages extérieurs durables Cette vis à filetage partiel, fabriquée en acier inoxydable de haute qualité, garantit une tenue optimale et une résistance aux intempéries. Elle est spécialement conçue pour les montages bois-bois en extérieur, même en zones constamment exposées à l’humidité. ✔ Empreinte Torx 25 Pour une transmission optimale du couple de serrage ✔ Pointe anti-fendage type 17 Amorce immédiate sans éclatement du bois, permettant une pose rapide et précise ✔ Filets fraiseurs haute performance Fixation nette, sans jeu, avec une meilleure pénétration dans le bois et une finition parfaitement intégrée. ✔ Filetage partiel Assure un serrage optimal entre lame et lambourde pour une fixation ferme et durable. ✔ Acier inoxydable • Excellente résistance à la corrosion • Idéal pour environnements extérieurs humides • Longévité renforcée de la structure Domaines d’utilisation • Fixation de lames de terrasse en bois résineux sur lambourdes en bois résineux • Pose d’ouvrages extérieurs soumis aux intempéries : terrasses, platelages, aménagements de jardin… La vis inox VTI indispensables pour une terrasse stable, élégante et construite pour durer.	https://www.vis-a-bois.com/produit/qs5080a4	https://lqsbsinycyewdvdtbruy.supabase.co/storage/v1/object/public/product-images/8e90f441-f6a0-42a0-936f-241c5ecaa693/505c1e50-f253-4aa7-a54f-4e8a0929b51f-vis-terrasse.jpeg	in_stock	60.00 EUR		Vis-à-Bois	3660601078951	QS5080A4	new	1732	Vis terrasse	TRUE
QS5080TX	Vis terrasse QS 5,0 x 80 inox TX25	Vis terrasse bois inox QS – La référence pour les assemblages extérieurs durables Cette vis à filetage partiel, fabriquée en acier inoxydable de haute qualité, garantit une tenue optimale et une résistance aux intempéries. Elle est spécialement conçue pour les montages bois-bois en extérieur, même en zones constamment exposées à l’humidité. ✔ Empreinte Torx 25 Pour une transmission optimale du couple de serrage ✔ Pointe anti-fendage type 17 Amorce immédiate sans éclatement du bois, permettant une pose rapide et précise ✔ Filets fraiseurs haute performance Fixation nette, sans jeu, avec une meilleure pénétration dans le bois et une finition parfaitement intégrée. ✔ Filetage partiel Assure un serrage optimal entre lame et lambourde pour une fixation ferme et durable. ✔ Acier inoxydable • Excellente résistance à la corrosion • Idéal pour environnements extérieurs humides • Longévité renforcée de la structure Domaines d’utilisation • Fixation de lames de terrasse en bois résineux sur lambourdes en bois résineux • Pose d’ouvrages extérieurs soumis aux intempéries : terrasses, platelages, aménagements de jardin… La vis inox VTI indispensables pour une terrasse stable, élégante et construite pour durer.	https://www.vis-a-bois.com/produit/qs5080tx	https://lqsbsinycyewdvdtbruy.supabase.co/storage/v1/object/public/product-images/8e90f441-f6a0-42a0-936f-241c5ecaa693/505c1e50-f253-4aa7-a54f-4e8a0929b51f-vis-terrasse.jpeg	in_stock	40.00 EUR		Vis-à-Bois	3660601062769	QS5080TX	new	1732	Vis terrasse	TRUE
